Vehicle Type,Transport Type,Drive,Value,Measure,Unit,Dataset,Date,Source,Medium,Frequency,Scope,Economy
2w,passenger,bev,3.923103621112323e-10,new_vehicle_efficiency,PJ_per_km,avg_eff_no_outliers,2017-12-31,transport_data_system_9th,road,Yearly,National,01_AUS
2w,passenger,g,1.695120273492808e-09,new_vehicle_efficiency,PJ_per_km,avg_eff_no_outliers,2017-12-31,transport_data_system_9th,road,Yearly,National,01_AUS
bus,passenger,bev,1.2283686232456311e-08,new_vehicle_efficiency,PJ_per_km,avg_eff_no_outliers,2017-12-31,transport_data_system_9th,road,Yearly,National,01_AUS
bus,passenger,cng,7.167118549275085e-09,new_vehicle_efficiency,PJ_per_km,avg_eff_no_outliers,2017-12-31,transport_data_system_9th,road,Yearly,National,01_AUS
bus,passenger,d,1.2782815227528501e-08,new_vehicle_efficiency,PJ_per_km,avg_eff_no_outliers,2017-12-31,transport_data_system_9th,road,Yearly,National,01_AUS
bus,passenger,g,1.6151241001565986e-08,new_vehicle_efficiency,PJ_per_km,avg_eff_no_outliers,2017-12-31,transport_data_system_9th,road,Yearly,National,01_AUS
bus,passenger,lpg,1.0032174909808287e-08,new_vehicle_efficiency,PJ_per_km,avg_eff_no_outliers,2017-12-31,transport_data_system_9th,road,Yearly,National,01_AUS
bus,passenger,phevd,8.831411212829909e-09,new_vehicle_efficiency,PJ_per_km,avg_eff_no_outliers,2017-12-31,transport_data_system_9th,road,Yearly,National,01_AUS
ht,freight,bev,4.000631926435889e-09,new_vehicle_efficiency,PJ_per_km,avg_eff_no_outliers,2017-12-31,transport_data_system_9th,road,Yearly,National,01_AUS
ht,freight,cng,7.323209036635706e-09,new_vehicle_efficiency,PJ_per_km,avg_eff_no_outliers,2017-12-31,transport_data_system_9th,road,Yearly,National,01_AUS
ht,freight,d,1.2191408402420968e-08,new_vehicle_efficiency,PJ_per_km,avg_eff_no_outliers,2017-12-31,transport_data_system_9th,road,Yearly,National,01_AUS
ht,freight,g,1.2371777010942034e-08,new_vehicle_efficiency,PJ_per_km,avg_eff_no_outliers,2017-12-31,transport_data_system_9th,road,Yearly,National,01_AUS
ht,freight,lpg,9.248392544151107e-09,new_vehicle_efficiency,PJ_per_km,avg_eff_no_outliers,2017-12-31,transport_data_system_9th,road,Yearly,National,01_AUS
ldv,freight,bev,1.8054135459862353e-09,new_vehicle_efficiency,PJ_per_km,avg_eff_no_outliers,2017-12-31,transport_data_system_9th,road,Yearly,National,01_AUS
ldv,freight,cng,1.8018599583720966e-09,new_vehicle_efficiency,PJ_per_km,avg_eff_no_outliers,2017-12-31,transport_data_system_9th,road,Yearly,National,01_AUS
ldv,freight,d,2.612626009966002e-09,new_vehicle_efficiency,PJ_per_km,avg_eff_no_outliers,2017-12-31,transport_data_system_9th,road,Yearly,National,01_AUS
ldv,freight,g,2.840170797588088e-09,new_vehicle_efficiency,PJ_per_km,avg_eff_no_outliers,2017-12-31,transport_data_system_9th,road,Yearly,National,01_AUS
ldv,freight,lpg,3.5434138652589568e-09,new_vehicle_efficiency,PJ_per_km,avg_eff_no_outliers,2017-12-31,transport_data_system_9th,road,Yearly,National,01_AUS
ldv,freight,phevg,1.4477249474642654e-09,new_vehicle_efficiency,PJ_per_km,avg_eff_no_outliers,2017-12-31,transport_data_system_9th,road,Yearly,National,01_AUS
ldv,passenger,bev,1.3129037322203529e-09,new_vehicle_efficiency,PJ_per_km,avg_eff_no_outliers,2017-12-31,transport_data_system_9th,road,Yearly,National,01_AUS
ldv,passenger,cng,2.394473030387315e-09,new_vehicle_efficiency,PJ_per_km,avg_eff_no_outliers,2017-12-31,transport_data_system_9th,road,Yearly,National,01_AUS
ldv,passenger,d,4.532689494984268e-09,new_vehicle_efficiency,PJ_per_km,avg_eff_no_outliers,2017-12-31,transport_data_system_9th,road,Yearly,National,01_AUS
ldv,passenger,fcev,8.845924288443346e-09,new_vehicle_efficiency,PJ_per_km,avg_eff_no_outliers,2017-12-31,transport_data_system_9th,road,Yearly,National,01_AUS
ldv,passenger,g,3.932780155841156e-09,new_vehicle_efficiency,PJ_per_km,avg_eff_no_outliers,2017-12-31,transport_data_system_9th,road,Yearly,National,01_AUS
ldv,passenger,lpg,2.7577870695341735e-09,new_vehicle_efficiency,PJ_per_km,avg_eff_no_outliers,2017-12-31,transport_data_system_9th,road,Yearly,National,01_AUS
ldv,passenger,phevg,2.1758348730403763e-09,new_vehicle_efficiency,PJ_per_km,avg_eff_no_outliers,2017-12-31,transport_data_system_9th,road,Yearly,National,01_AUS
2w,passenger,bev,3.923103621112323e-10,new_vehicle_efficiency,PJ_per_km,avg_eff_no_outliers,2017-12-31,transport_data_system_9th,road,Yearly,National,02_BD
2w,passenger,g,1.695120273492808e-09,new_vehicle_efficiency,PJ_per_km,avg_eff_no_outliers,2017-12-31,transport_data_system_9th,road,Yearly,National,02_BD
bus,passenger,bev,1.2283686232456311e-08,new_vehicle_efficiency,PJ_per_km,avg_eff_no_outliers,2017-12-31,transport_data_system_9th,road,Yearly,National,02_BD
bus,passenger,cng,7.167118549275085e-09,new_vehicle_efficiency,PJ_per_km,avg_eff_no_outliers,2017-12-31,transport_data_system_9th,road,Yearly,National,02_BD
bus,passenger,d,1.2782815227528501e-08,new_vehicle_efficiency,PJ_per_km,avg_eff_no_outliers,2017-12-31,transport_data_system_9th,road,Yearly,National,02_BD
bus,passenger,g,1.6151241001565986e-08,new_vehicle_efficiency,PJ_per_km,avg_eff_no_outliers,2017-12-31,transport_data_system_9th,road,Yearly,National,02_BD
bus,passenger,lpg,1.0032174909808287e-08,new_vehicle_efficiency,PJ_per_km,avg_eff_no_outliers,2017-12-31,transport_data_system_9th,road,Yearly,National,02_BD
bus,passenger,phevd,8.831411212829909e-09,new_vehicle_efficiency,PJ_per_km,avg_eff_no_outliers,2017-12-31,transport_data_system_9th,road,Yearly,National,02_BD
ht,freight,bev,4.000631926435889e-09,new_vehicle_efficiency,PJ_per_km,avg_eff_no_outliers,2017-12-31,transport_data_system_9th,road,Yearly,National,02_BD
ht,freight,cng,7.323209036635706e-09,new_vehicle_efficiency,PJ_per_km,avg_eff_no_outliers,2017-12-31,transport_data_system_9th,road,Yearly,National,02_BD
ht,freight,d,1.2191408402420968e-08,new_vehicle_efficiency,PJ_per_km,avg_eff_no_outliers,2017-12-31,transport_data_system_9th,road,Yearly,National,02_BD
ht,freight,g,1.2371777010942034e-08,new_vehicle_efficiency,PJ_per_km,avg_eff_no_outliers,2017-12-31,transport_data_system_9th,road,Yearly,National,02_BD
ht,freight,lpg,9.248392544151107e-09,new_vehicle_efficiency,PJ_per_km,avg_eff_no_outliers,2017-12-31,transport_data_system_9th,road,Yearly,National,02_BD
ldv,freight,bev,1.8054135459862353e-09,new_vehicle_efficiency,PJ_per_km,avg_eff_no_outliers,2017-12-31,transport_data_system_9th,road,Yearly,National,02_BD
ldv,freight,cng,1.8018599583720966e-09,new_vehicle_efficiency,PJ_per_km,avg_eff_no_outliers,2017-12-31,transport_data_system_9th,road,Yearly,National,02_BD
ldv,freight,d,2.612626009966002e-09,new_vehicle_efficiency,PJ_per_km,avg_eff_no_outliers,2017-12-31,transport_data_system_9th,road,Yearly,National,02_BD
ldv,freight,g,2.840170797588088e-09,new_vehicle_efficiency,PJ_per_km,avg_eff_no_outliers,2017-12-31,transport_data_system_9th,road,Yearly,National,02_BD
ldv,freight,lpg,3.5434138652589568e-09,new_vehicle_efficiency,PJ_per_km,avg_eff_no_outliers,2017-12-31,transport_data_system_9th,road,Yearly,National,02_BD
ldv,freight,phevg,1.4477249474642654e-09,new_vehicle_efficiency,PJ_per_km,avg_eff_no_outliers,2017-12-31,transport_data_system_9th,road,Yearly,National,02_BD
ldv,passenger,bev,1.3129037322203529e-09,new_vehicle_efficiency,PJ_per_km,avg_eff_no_outliers,2017-12-31,transport_data_system_9th,road,Yearly,National,02_BD
ldv,passenger,cng,2.394473030387315e-09,new_vehicle_efficiency,PJ_per_km,avg_eff_no_outliers,2017-12-31,transport_data_system_9th,road,Yearly,National,02_BD
ldv,passenger,d,4.532689494984268e-09,new_vehicle_efficiency,PJ_per_km,avg_eff_no_outliers,2017-12-31,transport_data_system_9th,road,Yearly,National,02_BD
ldv,passenger,fcev,8.845924288443346e-09,new_vehicle_efficiency,PJ_per_km,avg_eff_no_outliers,2017-12-31,transport_data_system_9th,road,Yearly,National,02_BD
ldv,passenger,g,3.932780155841156e-09,new_vehicle_efficiency,PJ_per_km,avg_eff_no_outliers,2017-12-31,transport_data_system_9th,road,Yearly,National,02_BD
ldv,passenger,lpg,2.7577870695341735e-09,new_vehicle_efficiency,PJ_per_km,avg_eff_no_outliers,2017-12-31,transport_data_system_9th,road,Yearly,National,02_BD
ldv,passenger,phevg,2.1758348730403763e-09,new_vehicle_efficiency,PJ_per_km,avg_eff_no_outliers,2017-12-31,transport_data_system_9th,road,Yearly,National,02_BD
2w,passenger,bev,3.923103621112323e-10,new_vehicle_efficiency,PJ_per_km,avg_eff_no_outliers,2017-12-31,transport_data_system_9th,road,Yearly,National,03_CDA
2w,passenger,g,1.695120273492808e-09,new_vehicle_efficiency,PJ_per_km,avg_eff_no_outliers,2017-12-31,transport_data_system_9th,road,Yearly,National,03_CDA
bus,passenger,bev,1.2283686232456311e-08,new_vehicle_efficiency,PJ_per_km,avg_eff_no_outliers,2017-12-31,transport_data_system_9th,road,Yearly,National,03_CDA
bus,passenger,cng,7.167118549275085e-09,new_vehicle_efficiency,PJ_per_km,avg_eff_no_outliers,2017-12-31,transport_data_system_9th,road,Yearly,National,03_CDA
bus,passenger,d,1.2782815227528501e-08,new_vehicle_efficiency,PJ_per_km,avg_eff_no_outliers,2017-12-31,transport_data_system_9th,road,Yearly,National,03_CDA
bus,passenger,g,1.6151241001565986e-08,new_vehicle_efficiency,PJ_per_km,avg_eff_no_outliers,2017-12-31,transport_data_system_9th,road,Yearly,National,03_CDA
bus,passenger,lpg,1.0032174909808287e-08,new_vehicle_efficiency,PJ_per_km,avg_eff_no_outliers,2017-12-31,transport_data_system_9th,road,Yearly,National,03_CDA
bus,passenger,phevd,8.831411212829909e-09,new_vehicle_efficiency,PJ_per_km,avg_eff_no_outliers,2017-12-31,transport_data_system_9th,road,Yearly,National,03_CDA
ht,freight,bev,4.000631926435889e-09,new_vehicle_efficiency,PJ_per_km,avg_eff_no_outliers,2017-12-31,transport_data_system_9th,road,Yearly,National,03_CDA
ht,freight,cng,7.323209036635706e-09,new_vehicle_efficiency,PJ_per_km,avg_eff_no_outliers,2017-12-31,transport_data_system_9th,road,Yearly,National,03_CDA
ht,freight,d,1.2191408402420968e-08,new_vehicle_efficiency,PJ_per_km,avg_eff_no_outliers,2017-12-31,transport_data_system_9th,road,Yearly,National,03_CDA
ht,freight,g,1.2371777010942034e-08,new_vehicle_efficiency,PJ_per_km,avg_eff_no_outliers,2017-12-31,transport_data_system_9th,road,Yearly,National,03_CDA
ht,freight,lpg,9.248392544151107e-09,new_vehicle_efficiency,PJ_per_km,avg_eff_no_outliers,2017-12-31,transport_data_system_9th,road,Yearly,National,03_CDA
ldv,freight,bev,1.8054135459862353e-09,new_vehicle_efficiency,PJ_per_km,avg_eff_no_outliers,2017-12-31,transport_data_system_9th,road,Yearly,National,03_CDA
ldv,freight,cng,1.8018599583720966e-09,new_vehicle_efficiency,PJ_per_km,avg_eff_no_outliers,2017-12-31,transport_data_system_9th,road,Yearly,National,03_CDA
ldv,freight,d,2.612626009966002e-09,new_vehicle_efficiency,PJ_per_km,avg_eff_no_outliers,2017-12-31,transport_data_system_9th,road,Yearly,National,03_CDA
ldv,freight,g,2.840170797588088e-09,new_vehicle_efficiency,PJ_per_km,avg_eff_no_outliers,2017-12-31,transport_data_system_9th,road,Yearly,National,03_CDA
ldv,freight,lpg,3.5434138652589568e-09,new_vehicle_efficiency,PJ_per_km,avg_eff_no_outliers,2017-12-31,transport_data_system_9th,road,Yearly,National,03_CDA
ldv,freight,phevg,1.4477249474642654e-09,new_vehicle_efficiency,PJ_per_km,avg_eff_no_outliers,2017-12-31,transport_data_system_9th,road,Yearly,National,03_CDA
ldv,passenger,bev,1.3129037322203529e-09,new_vehicle_efficiency,PJ_per_km,avg_eff_no_outliers,2017-12-31,transport_data_system_9th,road,Yearly,National,03_CDA
ldv,passenger,cng,2.394473030387315e-09,new_vehicle_efficiency,PJ_per_km,avg_eff_no_outliers,2017-12-31,transport_data_system_9th,road,Yearly,National,03_CDA
ldv,passenger,d,4.532689494984268e-09,new_vehicle_efficiency,PJ_per_km,avg_eff_no_outliers,2017-12-31,transport_data_system_9th,road,Yearly,National,03_CDA
ldv,passenger,fcev,8.845924288443346e-09,new_vehicle_efficiency,PJ_per_km,avg_eff_no_outliers,2017-12-31,transport_data_system_9th,road,Yearly,National,03_CDA
ldv,passenger,g,3.932780155841156e-09,new_vehicle_efficiency,PJ_per_km,avg_eff_no_outliers,2017-12-31,transport_data_system_9th,road,Yearly,National,03_CDA
ldv,passenger,lpg,2.7577870695341735e-09,new_vehicle_efficiency,PJ_per_km,avg_eff_no_outliers,2017-12-31,transport_data_system_9th,road,Yearly,National,03_CDA
ldv,passenger,phevg,2.1758348730403763e-09,new_vehicle_efficiency,PJ_per_km,avg_eff_no_outliers,2017-12-31,transport_data_system_9th,road,Yearly,National,03_CDA
2w,passenger,bev,3.923103621112323e-10,new_vehicle_efficiency,PJ_per_km,avg_eff_no_outliers,2017-12-31,transport_data_system_9th,road,Yearly,National,04_CHL
2w,passenger,g,1.695120273492808e-09,new_vehicle_efficiency,PJ_per_km,avg_eff_no_outliers,2017-12-31,transport_data_system_9th,road,Yearly,National,04_CHL
bus,passenger,bev,1.2283686232456311e-08,new_vehicle_efficiency,PJ_per_km,avg_eff_no_outliers,2017-12-31,transport_data_system_9th,road,Yearly,National,04_CHL
bus,passenger,cng,7.167118549275085e-09,new_vehicle_efficiency,PJ_per_km,avg_eff_no_outliers,2017-12-31,transport_data_system_9th,road,Yearly,National,04_CHL
bus,passenger,d,1.2782815227528501e-08,new_vehicle_efficiency,PJ_per_km,avg_eff_no_outliers,2017-12-31,transport_data_system_9th,road,Yearly,National,04_CHL
bus,passenger,g,1.6151241001565986e-08,new_vehicle_efficiency,PJ_per_km,avg_eff_no_outliers,2017-12-31,transport_data_system_9th,road,Yearly,National,04_CHL
bus,passenger,lpg,1.0032174909808287e-08,new_vehicle_efficiency,PJ_per_km,avg_eff_no_outliers,2017-12-31,transport_data_system_9th,road,Yearly,National,04_CHL
bus,passenger,phevd,8.831411212829909e-09,new_vehicle_efficiency,PJ_per_km,avg_eff_no_outliers,2017-12-31,transport_data_system_9th,road,Yearly,National,04_CHL
ht,freight,bev,4.000631926435889e-09,new_vehicle_efficiency,PJ_per_km,avg_eff_no_outliers,2017-12-31,transport_data_system_9th,road,Yearly,National,04_CHL
ht,freight,cng,7.323209036635706e-09,new_vehicle_efficiency,PJ_per_km,avg_eff_no_outliers,2017-12-31,transport_data_system_9th,road,Yearly,National,04_CHL
ht,freight,d,1.2191408402420968e-08,new_vehicle_efficiency,PJ_per_km,avg_eff_no_outliers,2017-12-31,transport_data_system_9th,road,Yearly,National,04_CHL
ht,freight,g,1.2371777010942034e-08,new_vehicle_efficiency,PJ_per_km,avg_eff_no_outliers,2017-12-31,transport_data_system_9th,road,Yearly,National,04_CHL
ht,freight,lpg,9.248392544151107e-09,new_vehicle_efficiency,PJ_per_km,avg_eff_no_outliers,2017-12-31,transport_data_system_9th,road,Yearly,National,04_CHL
ldv,freight,bev,1.8054135459862353e-09,new_vehicle_efficiency,PJ_per_km,avg_eff_no_outliers,2017-12-31,transport_data_system_9th,road,Yearly,National,04_CHL
ldv,freight,cng,1.8018599583720966e-09,new_vehicle_efficiency,PJ_per_km,avg_eff_no_outliers,2017-12-31,transport_data_system_9th,road,Yearly,National,04_CHL
ldv,freight,d,2.612626009966002e-09,new_vehicle_efficiency,PJ_per_km,avg_eff_no_outliers,2017-12-31,transport_data_system_9th,road,Yearly,National,04_CHL
ldv,freight,g,2.840170797588088e-09,new_vehicle_efficiency,PJ_per_km,avg_eff_no_outliers,2017-12-31,transport_data_system_9th,road,Yearly,National,04_CHL
ldv,freight,lpg,3.5434138652589568e-09,new_vehicle_efficiency,PJ_per_km,avg_eff_no_outliers,2017-12-31,transport_data_system_9th,road,Yearly,National,04_CHL
ldv,freight,phevg,1.4477249474642654e-09,new_vehicle_efficiency,PJ_per_km,avg_eff_no_outliers,2017-12-31,transport_data_system_9th,road,Yearly,National,04_CHL
ldv,passenger,bev,1.3129037322203529e-09,new_vehicle_efficiency,PJ_per_km,avg_eff_no_outliers,2017-12-31,transport_data_system_9th,road,Yearly,National,04_CHL
ldv,passenger,cng,2.394473030387315e-09,new_vehicle_efficiency,PJ_per_km,avg_eff_no_outliers,2017-12-31,transport_data_system_9th,road,Yearly,National,04_CHL
ldv,passenger,d,4.532689494984268e-09,new_vehicle_efficiency,PJ_per_km,avg_eff_no_outliers,2017-12-31,transport_data_system_9th,road,Yearly,National,04_CHL
ldv,passenger,fcev,8.845924288443346e-09,new_vehicle_efficiency,PJ_per_km,avg_eff_no_outliers,2017-12-31,transport_data_system_9th,road,Yearly,National,04_CHL
ldv,passenger,g,3.932780155841156e-09,new_vehicle_efficiency,PJ_per_km,avg_eff_no_outliers,2017-12-31,transport_data_system_9th,road,Yearly,National,04_CHL
ldv,passenger,lpg,2.7577870695341735e-09,new_vehicle_efficiency,PJ_per_km,avg_eff_no_outliers,2017-12-31,transport_data_system_9th,road,Yearly,National,04_CHL
ldv,passenger,phevg,2.1758348730403763e-09,new_vehicle_efficiency,PJ_per_km,avg_eff_no_outliers,2017-12-31,transport_data_system_9th,road,Yearly,National,04_CHL
2w,passenger,bev,3.923103621112323e-10,new_vehicle_efficiency,PJ_per_km,avg_eff_no_outliers,2017-12-31,transport_data_system_9th,road,Yearly,National,05_PRC
2w,passenger,g,1.695120273492808e-09,new_vehicle_efficiency,PJ_per_km,avg_eff_no_outliers,2017-12-31,transport_data_system_9th,road,Yearly,National,05_PRC
bus,passenger,bev,1.2283686232456311e-08,new_vehicle_efficiency,PJ_per_km,avg_eff_no_outliers,2017-12-31,transport_data_system_9th,road,Yearly,National,05_PRC
bus,passenger,cng,7.167118549275085e-09,new_vehicle_efficiency,PJ_per_km,avg_eff_no_outliers,2017-12-31,transport_data_system_9th,road,Yearly,National,05_PRC
bus,passenger,d,1.2782815227528501e-08,new_vehicle_efficiency,PJ_per_km,avg_eff_no_outliers,2017-12-31,transport_data_system_9th,road,Yearly,National,05_PRC
bus,passenger,g,1.6151241001565986e-08,new_vehicle_efficiency,PJ_per_km,avg_eff_no_outliers,2017-12-31,transport_data_system_9th,road,Yearly,National,05_PRC
bus,passenger,lpg,1.0032174909808287e-08,new_vehicle_efficiency,PJ_per_km,avg_eff_no_outliers,2017-12-31,transport_data_system_9th,road,Yearly,National,05_PRC
bus,passenger,phevd,8.831411212829909e-09,new_vehicle_efficiency,PJ_per_km,avg_eff_no_outliers,2017-12-31,transport_data_system_9th,road,Yearly,National,05_PRC
ht,freight,bev,4.000631926435889e-09,new_vehicle_efficiency,PJ_per_km,avg_eff_no_outliers,2017-12-31,transport_data_system_9th,road,Yearly,National,05_PRC
ht,freight,cng,7.323209036635706e-09,new_vehicle_efficiency,PJ_per_km,avg_eff_no_outliers,2017-12-31,transport_data_system_9th,road,Yearly,National,05_PRC
ht,freight,d,1.2191408402420968e-08,new_vehicle_efficiency,PJ_per_km,avg_eff_no_outliers,2017-12-31,transport_data_system_9th,road,Yearly,National,05_PRC
ht,freight,g,1.2371777010942034e-08,new_vehicle_efficiency,PJ_per_km,avg_eff_no_outliers,2017-12-31,transport_data_system_9th,road,Yearly,National,05_PRC
ht,freight,lpg,9.248392544151107e-09,new_vehicle_efficiency,PJ_per_km,avg_eff_no_outliers,2017-12-31,transport_data_system_9th,road,Yearly,National,05_PRC
ldv,freight,bev,1.8054135459862353e-09,new_vehicle_efficiency,PJ_per_km,avg_eff_no_outliers,2017-12-31,transport_data_system_9th,road,Yearly,National,05_PRC
ldv,freight,cng,1.8018599583720966e-09,new_vehicle_efficiency,PJ_per_km,avg_eff_no_outliers,2017-12-31,transport_data_system_9th,road,Yearly,National,05_PRC
ldv,freight,d,2.612626009966002e-09,new_vehicle_efficiency,PJ_per_km,avg_eff_no_outliers,2017-12-31,transport_data_system_9th,road,Yearly,National,05_PRC
ldv,freight,g,2.840170797588088e-09,new_vehicle_efficiency,PJ_per_km,avg_eff_no_outliers,2017-12-31,transport_data_system_9th,road,Yearly,National,05_PRC
ldv,freight,lpg,3.5434138652589568e-09,new_vehicle_efficiency,PJ_per_km,avg_eff_no_outliers,2017-12-31,transport_data_system_9th,road,Yearly,National,05_PRC
ldv,freight,phevg,1.4477249474642654e-09,new_vehicle_efficiency,PJ_per_km,avg_eff_no_outliers,2017-12-31,transport_data_system_9th,road,Yearly,National,05_PRC
ldv,passenger,bev,1.3129037322203529e-09,new_vehicle_efficiency,PJ_per_km,avg_eff_no_outliers,2017-12-31,transport_data_system_9th,road,Yearly,National,05_PRC
ldv,passenger,cng,2.394473030387315e-09,new_vehicle_efficiency,PJ_per_km,avg_eff_no_outliers,2017-12-31,transport_data_system_9th,road,Yearly,National,05_PRC
ldv,passenger,d,4.532689494984268e-09,new_vehicle_efficiency,PJ_per_km,avg_eff_no_outliers,2017-12-31,transport_data_system_9th,road,Yearly,National,05_PRC
ldv,passenger,fcev,8.845924288443346e-09,new_vehicle_efficiency,PJ_per_km,avg_eff_no_outliers,2017-12-31,transport_data_system_9th,road,Yearly,National,05_PRC
ldv,passenger,g,3.932780155841156e-09,new_vehicle_efficiency,PJ_per_km,avg_eff_no_outliers,2017-12-31,transport_data_system_9th,road,Yearly,National,05_PRC
ldv,passenger,lpg,2.7577870695341735e-09,new_vehicle_efficiency,PJ_per_km,avg_eff_no_outliers,2017-12-31,transport_data_system_9th,road,Yearly,National,05_PRC
ldv,passenger,phevg,2.1758348730403763e-09,new_vehicle_efficiency,PJ_per_km,avg_eff_no_outliers,2017-12-31,transport_data_system_9th,road,Yearly,National,05_PRC
2w,passenger,bev,3.923103621112323e-10,new_vehicle_efficiency,PJ_per_km,avg_eff_no_outliers,2017-12-31,transport_data_system_9th,road,Yearly,National,06_HKC
2w,passenger,g,1.695120273492808e-09,new_vehicle_efficiency,PJ_per_km,avg_eff_no_outliers,2017-12-31,transport_data_system_9th,road,Yearly,National,06_HKC
bus,passenger,bev,1.2283686232456311e-08,new_vehicle_efficiency,PJ_per_km,avg_eff_no_outliers,2017-12-31,transport_data_system_9th,road,Yearly,National,06_HKC
bus,passenger,cng,7.167118549275085e-09,new_vehicle_efficiency,PJ_per_km,avg_eff_no_outliers,2017-12-31,transport_data_system_9th,road,Yearly,National,06_HKC
bus,passenger,d,1.2782815227528501e-08,new_vehicle_efficiency,PJ_per_km,avg_eff_no_outliers,2017-12-31,transport_data_system_9th,road,Yearly,National,06_HKC
bus,passenger,g,1.6151241001565986e-08,new_vehicle_efficiency,PJ_per_km,avg_eff_no_outliers,2017-12-31,transport_data_system_9th,road,Yearly,National,06_HKC
bus,passenger,lpg,1.0032174909808287e-08,new_vehicle_efficiency,PJ_per_km,avg_eff_no_outliers,2017-12-31,transport_data_system_9th,road,Yearly,National,06_HKC
bus,passenger,phevd,8.831411212829909e-09,new_vehicle_efficiency,PJ_per_km,avg_eff_no_outliers,2017-12-31,transport_data_system_9th,road,Yearly,National,06_HKC
ht,freight,bev,4.000631926435889e-09,new_vehicle_efficiency,PJ_per_km,avg_eff_no_outliers,2017-12-31,transport_data_system_9th,road,Yearly,National,06_HKC
ht,freight,cng,7.323209036635706e-09,new_vehicle_efficiency,PJ_per_km,avg_eff_no_outliers,2017-12-31,transport_data_system_9th,road,Yearly,National,06_HKC
ht,freight,d,1.2191408402420968e-08,new_vehicle_efficiency,PJ_per_km,avg_eff_no_outliers,2017-12-31,transport_data_system_9th,road,Yearly,National,06_HKC
ht,freight,g,1.2371777010942034e-08,new_vehicle_efficiency,PJ_per_km,avg_eff_no_outliers,2017-12-31,transport_data_system_9th,road,Yearly,National,06_HKC
ht,freight,lpg,9.248392544151107e-09,new_vehicle_efficiency,PJ_per_km,avg_eff_no_outliers,2017-12-31,transport_data_system_9th,road,Yearly,National,06_HKC
ldv,freight,bev,1.8054135459862353e-09,new_vehicle_efficiency,PJ_per_km,avg_eff_no_outliers,2017-12-31,transport_data_system_9th,road,Yearly,National,06_HKC
ldv,freight,cng,1.8018599583720966e-09,new_vehicle_efficiency,PJ_per_km,avg_eff_no_outliers,2017-12-31,transport_data_system_9th,road,Yearly,National,06_HKC
ldv,freight,d,2.612626009966002e-09,new_vehicle_efficiency,PJ_per_km,avg_eff_no_outliers,2017-12-31,transport_data_system_9th,road,Yearly,National,06_HKC
ldv,freight,g,2.840170797588088e-09,new_vehicle_efficiency,PJ_per_km,avg_eff_no_outliers,2017-12-31,transport_data_system_9th,road,Yearly,National,06_HKC
ldv,freight,lpg,3.5434138652589568e-09,new_vehicle_efficiency,PJ_per_km,avg_eff_no_outliers,2017-12-31,transport_data_system_9th,road,Yearly,National,06_HKC
ldv,freight,phevg,1.4477249474642654e-09,new_vehicle_efficiency,PJ_per_km,avg_eff_no_outliers,2017-12-31,transport_data_system_9th,road,Yearly,National,06_HKC
ldv,passenger,bev,1.3129037322203529e-09,new_vehicle_efficiency,PJ_per_km,avg_eff_no_outliers,2017-12-31,transport_data_system_9th,road,Yearly,National,06_HKC
ldv,passenger,cng,2.394473030387315e-09,new_vehicle_efficiency,PJ_per_km,avg_eff_no_outliers,2017-12-31,transport_data_system_9th,road,Yearly,National,06_HKC
ldv,passenger,d,4.532689494984268e-09,new_vehicle_efficiency,PJ_per_km,avg_eff_no_outliers,2017-12-31,transport_data_system_9th,road,Yearly,National,06_HKC
ldv,passenger,fcev,8.845924288443346e-09,new_vehicle_efficiency,PJ_per_km,avg_eff_no_outliers,2017-12-31,transport_data_system_9th,road,Yearly,National,06_HKC
ldv,passenger,g,3.932780155841156e-09,new_vehicle_efficiency,PJ_per_km,avg_eff_no_outliers,2017-12-31,transport_data_system_9th,road,Yearly,National,06_HKC
ldv,passenger,lpg,2.7577870695341735e-09,new_vehicle_efficiency,PJ_per_km,avg_eff_no_outliers,2017-12-31,transport_data_system_9th,road,Yearly,National,06_HKC
ldv,passenger,phevg,2.1758348730403763e-09,new_vehicle_efficiency,PJ_per_km,avg_eff_no_outliers,2017-12-31,transport_data_system_9th,road,Yearly,National,06_HKC
2w,passenger,bev,3.923103621112323e-10,new_vehicle_efficiency,PJ_per_km,avg_eff_no_outliers,2017-12-31,transport_data_system_9th,road,Yearly,National,07_INA
2w,passenger,g,1.695120273492808e-09,new_vehicle_efficiency,PJ_per_km,avg_eff_no_outliers,2017-12-31,transport_data_system_9th,road,Yearly,National,07_INA
bus,passenger,bev,1.2283686232456311e-08,new_vehicle_efficiency,PJ_per_km,avg_eff_no_outliers,2017-12-31,transport_data_system_9th,road,Yearly,National,07_INA
bus,passenger,cng,7.167118549275085e-09,new_vehicle_efficiency,PJ_per_km,avg_eff_no_outliers,2017-12-31,transport_data_system_9th,road,Yearly,National,07_INA
bus,passenger,d,1.2782815227528501e-08,new_vehicle_efficiency,PJ_per_km,avg_eff_no_outliers,2017-12-31,transport_data_system_9th,road,Yearly,National,07_INA
bus,passenger,g,1.6151241001565986e-08,new_vehicle_efficiency,PJ_per_km,avg_eff_no_outliers,2017-12-31,transport_data_system_9th,road,Yearly,National,07_INA
bus,passenger,lpg,1.0032174909808287e-08,new_vehicle_efficiency,PJ_per_km,avg_eff_no_outliers,2017-12-31,transport_data_system_9th,road,Yearly,National,07_INA
bus,passenger,phevd,8.831411212829909e-09,new_vehicle_efficiency,PJ_per_km,avg_eff_no_outliers,2017-12-31,transport_data_system_9th,road,Yearly,National,07_INA
ht,freight,bev,4.000631926435889e-09,new_vehicle_efficiency,PJ_per_km,avg_eff_no_outliers,2017-12-31,transport_data_system_9th,road,Yearly,National,07_INA
ht,freight,cng,7.323209036635706e-09,new_vehicle_efficiency,PJ_per_km,avg_eff_no_outliers,2017-12-31,transport_data_system_9th,road,Yearly,National,07_INA
ht,freight,d,1.2191408402420968e-08,new_vehicle_efficiency,PJ_per_km,avg_eff_no_outliers,2017-12-31,transport_data_system_9th,road,Yearly,National,07_INA
ht,freight,g,1.2371777010942034e-08,new_vehicle_efficiency,PJ_per_km,avg_eff_no_outliers,2017-12-31,transport_data_system_9th,road,Yearly,National,07_INA
ht,freight,lpg,9.248392544151107e-09,new_vehicle_efficiency,PJ_per_km,avg_eff_no_outliers,2017-12-31,transport_data_system_9th,road,Yearly,National,07_INA
ldv,freight,bev,1.8054135459862353e-09,new_vehicle_efficiency,PJ_per_km,avg_eff_no_outliers,2017-12-31,transport_data_system_9th,road,Yearly,National,07_INA
ldv,freight,cng,1.8018599583720966e-09,new_vehicle_efficiency,PJ_per_km,avg_eff_no_outliers,2017-12-31,transport_data_system_9th,road,Yearly,National,07_INA
ldv,freight,d,2.612626009966002e-09,new_vehicle_efficiency,PJ_per_km,avg_eff_no_outliers,2017-12-31,transport_data_system_9th,road,Yearly,National,07_INA
ldv,freight,g,2.840170797588088e-09,new_vehicle_efficiency,PJ_per_km,avg_eff_no_outliers,2017-12-31,transport_data_system_9th,road,Yearly,National,07_INA
ldv,freight,lpg,3.5434138652589568e-09,new_vehicle_efficiency,PJ_per_km,avg_eff_no_outliers,2017-12-31,transport_data_system_9th,road,Yearly,National,07_INA
ldv,freight,phevg,1.4477249474642654e-09,new_vehicle_efficiency,PJ_per_km,avg_eff_no_outliers,2017-12-31,transport_data_system_9th,road,Yearly,National,07_INA
ldv,passenger,bev,1.3129037322203529e-09,new_vehicle_efficiency,PJ_per_km,avg_eff_no_outliers,2017-12-31,transport_data_system_9th,road,Yearly,National,07_INA
ldv,passenger,cng,2.394473030387315e-09,new_vehicle_efficiency,PJ_per_km,avg_eff_no_outliers,2017-12-31,transport_data_system_9th,road,Yearly,National,07_INA
ldv,passenger,d,4.532689494984268e-09,new_vehicle_efficiency,PJ_per_km,avg_eff_no_outliers,2017-12-31,transport_data_system_9th,road,Yearly,National,07_INA
ldv,passenger,fcev,8.845924288443346e-09,new_vehicle_efficiency,PJ_per_km,avg_eff_no_outliers,2017-12-31,transport_data_system_9th,road,Yearly,National,07_INA
ldv,passenger,g,3.932780155841156e-09,new_vehicle_efficiency,PJ_per_km,avg_eff_no_outliers,2017-12-31,transport_data_system_9th,road,Yearly,National,07_INA
ldv,passenger,lpg,2.7577870695341735e-09,new_vehicle_efficiency,PJ_per_km,avg_eff_no_outliers,2017-12-31,transport_data_system_9th,road,Yearly,National,07_INA
ldv,passenger,phevg,2.1758348730403763e-09,new_vehicle_efficiency,PJ_per_km,avg_eff_no_outliers,2017-12-31,transport_data_system_9th,road,Yearly,National,07_INA
2w,passenger,bev,3.923103621112323e-10,new_vehicle_efficiency,PJ_per_km,avg_eff_no_outliers,2017-12-31,transport_data_system_9th,road,Yearly,National,08_JPN
2w,passenger,g,1.695120273492808e-09,new_vehicle_efficiency,PJ_per_km,avg_eff_no_outliers,2017-12-31,transport_data_system_9th,road,Yearly,National,08_JPN
bus,passenger,bev,1.2283686232456311e-08,new_vehicle_efficiency,PJ_per_km,avg_eff_no_outliers,2017-12-31,transport_data_system_9th,road,Yearly,National,08_JPN
bus,passenger,cng,7.167118549275085e-09,new_vehicle_efficiency,PJ_per_km,avg_eff_no_outliers,2017-12-31,transport_data_system_9th,road,Yearly,National,08_JPN
bus,passenger,d,1.2782815227528501e-08,new_vehicle_efficiency,PJ_per_km,avg_eff_no_outliers,2017-12-31,transport_data_system_9th,road,Yearly,National,08_JPN
bus,passenger,g,1.6151241001565986e-08,new_vehicle_efficiency,PJ_per_km,avg_eff_no_outliers,2017-12-31,transport_data_system_9th,road,Yearly,National,08_JPN
bus,passenger,lpg,1.0032174909808287e-08,new_vehicle_efficiency,PJ_per_km,avg_eff_no_outliers,2017-12-31,transport_data_system_9th,road,Yearly,National,08_JPN
bus,passenger,phevd,8.831411212829909e-09,new_vehicle_efficiency,PJ_per_km,avg_eff_no_outliers,2017-12-31,transport_data_system_9th,road,Yearly,National,08_JPN
ht,freight,bev,4.000631926435889e-09,new_vehicle_efficiency,PJ_per_km,avg_eff_no_outliers,2017-12-31,transport_data_system_9th,road,Yearly,National,08_JPN
ht,freight,cng,7.323209036635706e-09,new_vehicle_efficiency,PJ_per_km,avg_eff_no_outliers,2017-12-31,transport_data_system_9th,road,Yearly,National,08_JPN
ht,freight,d,1.2191408402420968e-08,new_vehicle_efficiency,PJ_per_km,avg_eff_no_outliers,2017-12-31,transport_data_system_9th,road,Yearly,National,08_JPN
ht,freight,g,1.2371777010942034e-08,new_vehicle_efficiency,PJ_per_km,avg_eff_no_outliers,2017-12-31,transport_data_system_9th,road,Yearly,National,08_JPN
ht,freight,lpg,9.248392544151107e-09,new_vehicle_efficiency,PJ_per_km,avg_eff_no_outliers,2017-12-31,transport_data_system_9th,road,Yearly,National,08_JPN
ldv,freight,bev,1.8054135459862353e-09,new_vehicle_efficiency,PJ_per_km,avg_eff_no_outliers,2017-12-31,transport_data_system_9th,road,Yearly,National,08_JPN
ldv,freight,cng,1.8018599583720966e-09,new_vehicle_efficiency,PJ_per_km,avg_eff_no_outliers,2017-12-31,transport_data_system_9th,road,Yearly,National,08_JPN
ldv,freight,d,2.612626009966002e-09,new_vehicle_efficiency,PJ_per_km,avg_eff_no_outliers,2017-12-31,transport_data_system_9th,road,Yearly,National,08_JPN
ldv,freight,g,2.840170797588088e-09,new_vehicle_efficiency,PJ_per_km,avg_eff_no_outliers,2017-12-31,transport_data_system_9th,road,Yearly,National,08_JPN
ldv,freight,lpg,3.5434138652589568e-09,new_vehicle_efficiency,PJ_per_km,avg_eff_no_outliers,2017-12-31,transport_data_system_9th,road,Yearly,National,08_JPN
ldv,freight,phevg,1.4477249474642654e-09,new_vehicle_efficiency,PJ_per_km,avg_eff_no_outliers,2017-12-31,transport_data_system_9th,road,Yearly,National,08_JPN
ldv,passenger,bev,1.3129037322203529e-09,new_vehicle_efficiency,PJ_per_km,avg_eff_no_outliers,2017-12-31,transport_data_system_9th,road,Yearly,National,08_JPN
ldv,passenger,cng,2.394473030387315e-09,new_vehicle_efficiency,PJ_per_km,avg_eff_no_outliers,2017-12-31,transport_data_system_9th,road,Yearly,National,08_JPN
ldv,passenger,d,4.532689494984268e-09,new_vehicle_efficiency,PJ_per_km,avg_eff_no_outliers,2017-12-31,transport_data_system_9th,road,Yearly,National,08_JPN
ldv,passenger,fcev,8.845924288443346e-09,new_vehicle_efficiency,PJ_per_km,avg_eff_no_outliers,2017-12-31,transport_data_system_9th,road,Yearly,National,08_JPN
ldv,passenger,g,3.932780155841156e-09,new_vehicle_efficiency,PJ_per_km,avg_eff_no_outliers,2017-12-31,transport_data_system_9th,road,Yearly,National,08_JPN
ldv,passenger,lpg,2.7577870695341735e-09,new_vehicle_efficiency,PJ_per_km,avg_eff_no_outliers,2017-12-31,transport_data_system_9th,road,Yearly,National,08_JPN
ldv,passenger,phevg,2.1758348730403763e-09,new_vehicle_efficiency,PJ_per_km,avg_eff_no_outliers,2017-12-31,transport_data_system_9th,road,Yearly,National,08_JPN
2w,passenger,bev,3.923103621112323e-10,new_vehicle_efficiency,PJ_per_km,avg_eff_no_outliers,2017-12-31,transport_data_system_9th,road,Yearly,National,09_ROK
2w,passenger,g,1.695120273492808e-09,new_vehicle_efficiency,PJ_per_km,avg_eff_no_outliers,2017-12-31,transport_data_system_9th,road,Yearly,National,09_ROK
bus,passenger,bev,1.2283686232456311e-08,new_vehicle_efficiency,PJ_per_km,avg_eff_no_outliers,2017-12-31,transport_data_system_9th,road,Yearly,National,09_ROK
bus,passenger,cng,7.167118549275085e-09,new_vehicle_efficiency,PJ_per_km,avg_eff_no_outliers,2017-12-31,transport_data_system_9th,road,Yearly,National,09_ROK
bus,passenger,d,1.2782815227528501e-08,new_vehicle_efficiency,PJ_per_km,avg_eff_no_outliers,2017-12-31,transport_data_system_9th,road,Yearly,National,09_ROK
bus,passenger,g,1.6151241001565986e-08,new_vehicle_efficiency,PJ_per_km,avg_eff_no_outliers,2017-12-31,transport_data_system_9th,road,Yearly,National,09_ROK
bus,passenger,lpg,1.0032174909808287e-08,new_vehicle_efficiency,PJ_per_km,avg_eff_no_outliers,2017-12-31,transport_data_system_9th,road,Yearly,National,09_ROK
bus,passenger,phevd,8.831411212829909e-09,new_vehicle_efficiency,PJ_per_km,avg_eff_no_outliers,2017-12-31,transport_data_system_9th,road,Yearly,National,09_ROK
ht,freight,bev,4.000631926435889e-09,new_vehicle_efficiency,PJ_per_km,avg_eff_no_outliers,2017-12-31,transport_data_system_9th,road,Yearly,National,09_ROK
ht,freight,cng,7.323209036635706e-09,new_vehicle_efficiency,PJ_per_km,avg_eff_no_outliers,2017-12-31,transport_data_system_9th,road,Yearly,National,09_ROK
ht,freight,d,1.2191408402420968e-08,new_vehicle_efficiency,PJ_per_km,avg_eff_no_outliers,2017-12-31,transport_data_system_9th,road,Yearly,National,09_ROK
ht,freight,g,1.2371777010942034e-08,new_vehicle_efficiency,PJ_per_km,avg_eff_no_outliers,2017-12-31,transport_data_system_9th,road,Yearly,National,09_ROK
ht,freight,lpg,9.248392544151107e-09,new_vehicle_efficiency,PJ_per_km,avg_eff_no_outliers,2017-12-31,transport_data_system_9th,road,Yearly,National,09_ROK
ldv,freight,bev,1.8054135459862353e-09,new_vehicle_efficiency,PJ_per_km,avg_eff_no_outliers,2017-12-31,transport_data_system_9th,road,Yearly,National,09_ROK
ldv,freight,cng,1.8018599583720966e-09,new_vehicle_efficiency,PJ_per_km,avg_eff_no_outliers,2017-12-31,transport_data_system_9th,road,Yearly,National,09_ROK
ldv,freight,d,2.612626009966002e-09,new_vehicle_efficiency,PJ_per_km,avg_eff_no_outliers,2017-12-31,transport_data_system_9th,road,Yearly,National,09_ROK
ldv,freight,g,2.840170797588088e-09,new_vehicle_efficiency,PJ_per_km,avg_eff_no_outliers,2017-12-31,transport_data_system_9th,road,Yearly,National,09_ROK
ldv,freight,lpg,3.5434138652589568e-09,new_vehicle_efficiency,PJ_per_km,avg_eff_no_outliers,2017-12-31,transport_data_system_9th,road,Yearly,National,09_ROK
ldv,freight,phevg,1.4477249474642654e-09,new_vehicle_efficiency,PJ_per_km,avg_eff_no_outliers,2017-12-31,transport_data_system_9th,road,Yearly,National,09_ROK
ldv,passenger,bev,1.3129037322203529e-09,new_vehicle_efficiency,PJ_per_km,avg_eff_no_outliers,2017-12-31,transport_data_system_9th,road,Yearly,National,09_ROK
ldv,passenger,cng,2.394473030387315e-09,new_vehicle_efficiency,PJ_per_km,avg_eff_no_outliers,2017-12-31,transport_data_system_9th,road,Yearly,National,09_ROK
ldv,passenger,d,4.532689494984268e-09,new_vehicle_efficiency,PJ_per_km,avg_eff_no_outliers,2017-12-31,transport_data_system_9th,road,Yearly,National,09_ROK
ldv,passenger,fcev,8.845924288443346e-09,new_vehicle_efficiency,PJ_per_km,avg_eff_no_outliers,2017-12-31,transport_data_system_9th,road,Yearly,National,09_ROK
ldv,passenger,g,3.932780155841156e-09,new_vehicle_efficiency,PJ_per_km,avg_eff_no_outliers,2017-12-31,transport_data_system_9th,road,Yearly,National,09_ROK
ldv,passenger,lpg,2.7577870695341735e-09,new_vehicle_efficiency,PJ_per_km,avg_eff_no_outliers,2017-12-31,transport_data_system_9th,road,Yearly,National,09_ROK
ldv,passenger,phevg,2.1758348730403763e-09,new_vehicle_efficiency,PJ_per_km,avg_eff_no_outliers,2017-12-31,transport_data_system_9th,road,Yearly,National,09_ROK
2w,passenger,bev,3.923103621112323e-10,new_vehicle_efficiency,PJ_per_km,avg_eff_no_outliers,2017-12-31,transport_data_system_9th,road,Yearly,National,10_MAS
2w,passenger,g,1.695120273492808e-09,new_vehicle_efficiency,PJ_per_km,avg_eff_no_outliers,2017-12-31,transport_data_system_9th,road,Yearly,National,10_MAS
bus,passenger,bev,1.2283686232456311e-08,new_vehicle_efficiency,PJ_per_km,avg_eff_no_outliers,2017-12-31,transport_data_system_9th,road,Yearly,National,10_MAS
bus,passenger,cng,7.167118549275085e-09,new_vehicle_efficiency,PJ_per_km,avg_eff_no_outliers,2017-12-31,transport_data_system_9th,road,Yearly,National,10_MAS
bus,passenger,d,1.2782815227528501e-08,new_vehicle_efficiency,PJ_per_km,avg_eff_no_outliers,2017-12-31,transport_data_system_9th,road,Yearly,National,10_MAS
bus,passenger,g,1.6151241001565986e-08,new_vehicle_efficiency,PJ_per_km,avg_eff_no_outliers,2017-12-31,transport_data_system_9th,road,Yearly,National,10_MAS
bus,passenger,lpg,1.0032174909808287e-08,new_vehicle_efficiency,PJ_per_km,avg_eff_no_outliers,2017-12-31,transport_data_system_9th,road,Yearly,National,10_MAS
bus,passenger,phevd,8.831411212829909e-09,new_vehicle_efficiency,PJ_per_km,avg_eff_no_outliers,2017-12-31,transport_data_system_9th,road,Yearly,National,10_MAS
ht,freight,bev,4.000631926435889e-09,new_vehicle_efficiency,PJ_per_km,avg_eff_no_outliers,2017-12-31,transport_data_system_9th,road,Yearly,National,10_MAS
ht,freight,cng,7.323209036635706e-09,new_vehicle_efficiency,PJ_per_km,avg_eff_no_outliers,2017-12-31,transport_data_system_9th,road,Yearly,National,10_MAS
ht,freight,d,1.2191408402420968e-08,new_vehicle_efficiency,PJ_per_km,avg_eff_no_outliers,2017-12-31,transport_data_system_9th,road,Yearly,National,10_MAS
ht,freight,g,1.2371777010942034e-08,new_vehicle_efficiency,PJ_per_km,avg_eff_no_outliers,2017-12-31,transport_data_system_9th,road,Yearly,National,10_MAS
ht,freight,lpg,9.248392544151107e-09,new_vehicle_efficiency,PJ_per_km,avg_eff_no_outliers,2017-12-31,transport_data_system_9th,road,Yearly,National,10_MAS
ldv,freight,bev,1.8054135459862353e-09,new_vehicle_efficiency,PJ_per_km,avg_eff_no_outliers,2017-12-31,transport_data_system_9th,road,Yearly,National,10_MAS
ldv,freight,cng,1.8018599583720966e-09,new_vehicle_efficiency,PJ_per_km,avg_eff_no_outliers,2017-12-31,transport_data_system_9th,road,Yearly,National,10_MAS
ldv,freight,d,2.612626009966002e-09,new_vehicle_efficiency,PJ_per_km,avg_eff_no_outliers,2017-12-31,transport_data_system_9th,road,Yearly,National,10_MAS
ldv,freight,g,2.840170797588088e-09,new_vehicle_efficiency,PJ_per_km,avg_eff_no_outliers,2017-12-31,transport_data_system_9th,road,Yearly,National,10_MAS
ldv,freight,lpg,3.5434138652589568e-09,new_vehicle_efficiency,PJ_per_km,avg_eff_no_outliers,2017-12-31,transport_data_system_9th,road,Yearly,National,10_MAS
ldv,freight,phevg,1.4477249474642654e-09,new_vehicle_efficiency,PJ_per_km,avg_eff_no_outliers,2017-12-31,transport_data_system_9th,road,Yearly,National,10_MAS
ldv,passenger,bev,1.3129037322203529e-09,new_vehicle_efficiency,PJ_per_km,avg_eff_no_outliers,2017-12-31,transport_data_system_9th,road,Yearly,National,10_MAS
ldv,passenger,cng,2.394473030387315e-09,new_vehicle_efficiency,PJ_per_km,avg_eff_no_outliers,2017-12-31,transport_data_system_9th,road,Yearly,National,10_MAS
ldv,passenger,d,4.532689494984268e-09,new_vehicle_efficiency,PJ_per_km,avg_eff_no_outliers,2017-12-31,transport_data_system_9th,road,Yearly,National,10_MAS
ldv,passenger,fcev,8.845924288443346e-09,new_vehicle_efficiency,PJ_per_km,avg_eff_no_outliers,2017-12-31,transport_data_system_9th,road,Yearly,National,10_MAS
ldv,passenger,g,3.932780155841156e-09,new_vehicle_efficiency,PJ_per_km,avg_eff_no_outliers,2017-12-31,transport_data_system_9th,road,Yearly,National,10_MAS
ldv,passenger,lpg,2.7577870695341735e-09,new_vehicle_efficiency,PJ_per_km,avg_eff_no_outliers,2017-12-31,transport_data_system_9th,road,Yearly,National,10_MAS
ldv,passenger,phevg,2.1758348730403763e-09,new_vehicle_efficiency,PJ_per_km,avg_eff_no_outliers,2017-12-31,transport_data_system_9th,road,Yearly,National,10_MAS
2w,passenger,bev,3.923103621112323e-10,new_vehicle_efficiency,PJ_per_km,avg_eff_no_outliers,2017-12-31,transport_data_system_9th,road,Yearly,National,11_MEX
2w,passenger,g,1.695120273492808e-09,new_vehicle_efficiency,PJ_per_km,avg_eff_no_outliers,2017-12-31,transport_data_system_9th,road,Yearly,National,11_MEX
bus,passenger,bev,1.2283686232456311e-08,new_vehicle_efficiency,PJ_per_km,avg_eff_no_outliers,2017-12-31,transport_data_system_9th,road,Yearly,National,11_MEX
bus,passenger,cng,7.167118549275085e-09,new_vehicle_efficiency,PJ_per_km,avg_eff_no_outliers,2017-12-31,transport_data_system_9th,road,Yearly,National,11_MEX
bus,passenger,d,1.2782815227528501e-08,new_vehicle_efficiency,PJ_per_km,avg_eff_no_outliers,2017-12-31,transport_data_system_9th,road,Yearly,National,11_MEX
bus,passenger,g,1.6151241001565986e-08,new_vehicle_efficiency,PJ_per_km,avg_eff_no_outliers,2017-12-31,transport_data_system_9th,road,Yearly,National,11_MEX
bus,passenger,lpg,1.0032174909808287e-08,new_vehicle_efficiency,PJ_per_km,avg_eff_no_outliers,2017-12-31,transport_data_system_9th,road,Yearly,National,11_MEX
bus,passenger,phevd,8.831411212829909e-09,new_vehicle_efficiency,PJ_per_km,avg_eff_no_outliers,2017-12-31,transport_data_system_9th,road,Yearly,National,11_MEX
ht,freight,bev,4.000631926435889e-09,new_vehicle_efficiency,PJ_per_km,avg_eff_no_outliers,2017-12-31,transport_data_system_9th,road,Yearly,National,11_MEX
ht,freight,cng,7.323209036635706e-09,new_vehicle_efficiency,PJ_per_km,avg_eff_no_outliers,2017-12-31,transport_data_system_9th,road,Yearly,National,11_MEX
ht,freight,d,1.2191408402420968e-08,new_vehicle_efficiency,PJ_per_km,avg_eff_no_outliers,2017-12-31,transport_data_system_9th,road,Yearly,National,11_MEX
ht,freight,g,1.2371777010942034e-08,new_vehicle_efficiency,PJ_per_km,avg_eff_no_outliers,2017-12-31,transport_data_system_9th,road,Yearly,National,11_MEX
ht,freight,lpg,9.248392544151107e-09,new_vehicle_efficiency,PJ_per_km,avg_eff_no_outliers,2017-12-31,transport_data_system_9th,road,Yearly,National,11_MEX
ldv,freight,bev,1.8054135459862353e-09,new_vehicle_efficiency,PJ_per_km,avg_eff_no_outliers,2017-12-31,transport_data_system_9th,road,Yearly,National,11_MEX
ldv,freight,cng,1.8018599583720966e-09,new_vehicle_efficiency,PJ_per_km,avg_eff_no_outliers,2017-12-31,transport_data_system_9th,road,Yearly,National,11_MEX
ldv,freight,d,2.612626009966002e-09,new_vehicle_efficiency,PJ_per_km,avg_eff_no_outliers,2017-12-31,transport_data_system_9th,road,Yearly,National,11_MEX
ldv,freight,g,2.840170797588088e-09,new_vehicle_efficiency,PJ_per_km,avg_eff_no_outliers,2017-12-31,transport_data_system_9th,road,Yearly,National,11_MEX
ldv,freight,lpg,3.5434138652589568e-09,new_vehicle_efficiency,PJ_per_km,avg_eff_no_outliers,2017-12-31,transport_data_system_9th,road,Yearly,National,11_MEX
ldv,freight,phevg,1.4477249474642654e-09,new_vehicle_efficiency,PJ_per_km,avg_eff_no_outliers,2017-12-31,transport_data_system_9th,road,Yearly,National,11_MEX
ldv,passenger,bev,1.3129037322203529e-09,new_vehicle_efficiency,PJ_per_km,avg_eff_no_outliers,2017-12-31,transport_data_system_9th,road,Yearly,National,11_MEX
ldv,passenger,cng,2.394473030387315e-09,new_vehicle_efficiency,PJ_per_km,avg_eff_no_outliers,2017-12-31,transport_data_system_9th,road,Yearly,National,11_MEX
ldv,passenger,d,4.532689494984268e-09,new_vehicle_efficiency,PJ_per_km,avg_eff_no_outliers,2017-12-31,transport_data_system_9th,road,Yearly,National,11_MEX
ldv,passenger,fcev,8.845924288443346e-09,new_vehicle_efficiency,PJ_per_km,avg_eff_no_outliers,2017-12-31,transport_data_system_9th,road,Yearly,National,11_MEX
ldv,passenger,g,3.932780155841156e-09,new_vehicle_efficiency,PJ_per_km,avg_eff_no_outliers,2017-12-31,transport_data_system_9th,road,Yearly,National,11_MEX
ldv,passenger,lpg,2.7577870695341735e-09,new_vehicle_efficiency,PJ_per_km,avg_eff_no_outliers,2017-12-31,transport_data_system_9th,road,Yearly,National,11_MEX
ldv,passenger,phevg,2.1758348730403763e-09,new_vehicle_efficiency,PJ_per_km,avg_eff_no_outliers,2017-12-31,transport_data_system_9th,road,Yearly,National,11_MEX
2w,passenger,bev,3.923103621112323e-10,new_vehicle_efficiency,PJ_per_km,avg_eff_no_outliers,2017-12-31,transport_data_system_9th,road,Yearly,National,12_NZ
2w,passenger,g,1.695120273492808e-09,new_vehicle_efficiency,PJ_per_km,avg_eff_no_outliers,2017-12-31,transport_data_system_9th,road,Yearly,National,12_NZ
bus,passenger,bev,1.2283686232456311e-08,new_vehicle_efficiency,PJ_per_km,avg_eff_no_outliers,2017-12-31,transport_data_system_9th,road,Yearly,National,12_NZ
bus,passenger,cng,7.167118549275085e-09,new_vehicle_efficiency,PJ_per_km,avg_eff_no_outliers,2017-12-31,transport_data_system_9th,road,Yearly,National,12_NZ
bus,passenger,d,1.2782815227528501e-08,new_vehicle_efficiency,PJ_per_km,avg_eff_no_outliers,2017-12-31,transport_data_system_9th,road,Yearly,National,12_NZ
bus,passenger,g,1.6151241001565986e-08,new_vehicle_efficiency,PJ_per_km,avg_eff_no_outliers,2017-12-31,transport_data_system_9th,road,Yearly,National,12_NZ
bus,passenger,lpg,1.0032174909808287e-08,new_vehicle_efficiency,PJ_per_km,avg_eff_no_outliers,2017-12-31,transport_data_system_9th,road,Yearly,National,12_NZ
bus,passenger,phevd,8.831411212829909e-09,new_vehicle_efficiency,PJ_per_km,avg_eff_no_outliers,2017-12-31,transport_data_system_9th,road,Yearly,National,12_NZ
ht,freight,bev,4.000631926435889e-09,new_vehicle_efficiency,PJ_per_km,avg_eff_no_outliers,2017-12-31,transport_data_system_9th,road,Yearly,National,12_NZ
ht,freight,cng,7.323209036635706e-09,new_vehicle_efficiency,PJ_per_km,avg_eff_no_outliers,2017-12-31,transport_data_system_9th,road,Yearly,National,12_NZ
ht,freight,d,1.2191408402420968e-08,new_vehicle_efficiency,PJ_per_km,avg_eff_no_outliers,2017-12-31,transport_data_system_9th,road,Yearly,National,12_NZ
ht,freight,g,1.2371777010942034e-08,new_vehicle_efficiency,PJ_per_km,avg_eff_no_outliers,2017-12-31,transport_data_system_9th,road,Yearly,National,12_NZ
ht,freight,lpg,9.248392544151107e-09,new_vehicle_efficiency,PJ_per_km,avg_eff_no_outliers,2017-12-31,transport_data_system_9th,road,Yearly,National,12_NZ
ldv,freight,bev,1.8054135459862353e-09,new_vehicle_efficiency,PJ_per_km,avg_eff_no_outliers,2017-12-31,transport_data_system_9th,road,Yearly,National,12_NZ
ldv,freight,cng,1.8018599583720966e-09,new_vehicle_efficiency,PJ_per_km,avg_eff_no_outliers,2017-12-31,transport_data_system_9th,road,Yearly,National,12_NZ
ldv,freight,d,2.612626009966002e-09,new_vehicle_efficiency,PJ_per_km,avg_eff_no_outliers,2017-12-31,transport_data_system_9th,road,Yearly,National,12_NZ
ldv,freight,g,2.840170797588088e-09,new_vehicle_efficiency,PJ_per_km,avg_eff_no_outliers,2017-12-31,transport_data_system_9th,road,Yearly,National,12_NZ
ldv,freight,lpg,3.5434138652589568e-09,new_vehicle_efficiency,PJ_per_km,avg_eff_no_outliers,2017-12-31,transport_data_system_9th,road,Yearly,National,12_NZ
ldv,freight,phevg,1.4477249474642654e-09,new_vehicle_efficiency,PJ_per_km,avg_eff_no_outliers,2017-12-31,transport_data_system_9th,road,Yearly,National,12_NZ
ldv,passenger,bev,1.3129037322203529e-09,new_vehicle_efficiency,PJ_per_km,avg_eff_no_outliers,2017-12-31,transport_data_system_9th,road,Yearly,National,12_NZ
ldv,passenger,cng,2.394473030387315e-09,new_vehicle_efficiency,PJ_per_km,avg_eff_no_outliers,2017-12-31,transport_data_system_9th,road,Yearly,National,12_NZ
ldv,passenger,d,4.532689494984268e-09,new_vehicle_efficiency,PJ_per_km,avg_eff_no_outliers,2017-12-31,transport_data_system_9th,road,Yearly,National,12_NZ
ldv,passenger,fcev,8.845924288443346e-09,new_vehicle_efficiency,PJ_per_km,avg_eff_no_outliers,2017-12-31,transport_data_system_9th,road,Yearly,National,12_NZ
ldv,passenger,g,3.932780155841156e-09,new_vehicle_efficiency,PJ_per_km,avg_eff_no_outliers,2017-12-31,transport_data_system_9th,road,Yearly,National,12_NZ
ldv,passenger,lpg,2.7577870695341735e-09,new_vehicle_efficiency,PJ_per_km,avg_eff_no_outliers,2017-12-31,transport_data_system_9th,road,Yearly,National,12_NZ
ldv,passenger,phevg,2.1758348730403763e-09,new_vehicle_efficiency,PJ_per_km,avg_eff_no_outliers,2017-12-31,transport_data_system_9th,road,Yearly,National,12_NZ
2w,passenger,bev,3.923103621112323e-10,new_vehicle_efficiency,PJ_per_km,avg_eff_no_outliers,2017-12-31,transport_data_system_9th,road,Yearly,National,13_PNG
2w,passenger,g,1.695120273492808e-09,new_vehicle_efficiency,PJ_per_km,avg_eff_no_outliers,2017-12-31,transport_data_system_9th,road,Yearly,National,13_PNG
bus,passenger,bev,1.2283686232456311e-08,new_vehicle_efficiency,PJ_per_km,avg_eff_no_outliers,2017-12-31,transport_data_system_9th,road,Yearly,National,13_PNG
bus,passenger,cng,7.167118549275085e-09,new_vehicle_efficiency,PJ_per_km,avg_eff_no_outliers,2017-12-31,transport_data_system_9th,road,Yearly,National,13_PNG
bus,passenger,d,1.2782815227528501e-08,new_vehicle_efficiency,PJ_per_km,avg_eff_no_outliers,2017-12-31,transport_data_system_9th,road,Yearly,National,13_PNG
bus,passenger,g,1.6151241001565986e-08,new_vehicle_efficiency,PJ_per_km,avg_eff_no_outliers,2017-12-31,transport_data_system_9th,road,Yearly,National,13_PNG
bus,passenger,lpg,1.0032174909808287e-08,new_vehicle_efficiency,PJ_per_km,avg_eff_no_outliers,2017-12-31,transport_data_system_9th,road,Yearly,National,13_PNG
bus,passenger,phevd,8.831411212829909e-09,new_vehicle_efficiency,PJ_per_km,avg_eff_no_outliers,2017-12-31,transport_data_system_9th,road,Yearly,National,13_PNG
ht,freight,bev,4.000631926435889e-09,new_vehicle_efficiency,PJ_per_km,avg_eff_no_outliers,2017-12-31,transport_data_system_9th,road,Yearly,National,13_PNG
ht,freight,cng,7.323209036635706e-09,new_vehicle_efficiency,PJ_per_km,avg_eff_no_outliers,2017-12-31,transport_data_system_9th,road,Yearly,National,13_PNG
ht,freight,d,1.2191408402420968e-08,new_vehicle_efficiency,PJ_per_km,avg_eff_no_outliers,2017-12-31,transport_data_system_9th,road,Yearly,National,13_PNG
ht,freight,g,1.2371777010942034e-08,new_vehicle_efficiency,PJ_per_km,avg_eff_no_outliers,2017-12-31,transport_data_system_9th,road,Yearly,National,13_PNG
ht,freight,lpg,9.248392544151107e-09,new_vehicle_efficiency,PJ_per_km,avg_eff_no_outliers,2017-12-31,transport_data_system_9th,road,Yearly,National,13_PNG
ldv,freight,bev,1.8054135459862353e-09,new_vehicle_efficiency,PJ_per_km,avg_eff_no_outliers,2017-12-31,transport_data_system_9th,road,Yearly,National,13_PNG
ldv,freight,cng,1.8018599583720966e-09,new_vehicle_efficiency,PJ_per_km,avg_eff_no_outliers,2017-12-31,transport_data_system_9th,road,Yearly,National,13_PNG
ldv,freight,d,2.612626009966002e-09,new_vehicle_efficiency,PJ_per_km,avg_eff_no_outliers,2017-12-31,transport_data_system_9th,road,Yearly,National,13_PNG
ldv,freight,g,2.840170797588088e-09,new_vehicle_efficiency,PJ_per_km,avg_eff_no_outliers,2017-12-31,transport_data_system_9th,road,Yearly,National,13_PNG
ldv,freight,lpg,3.5434138652589568e-09,new_vehicle_efficiency,PJ_per_km,avg_eff_no_outliers,2017-12-31,transport_data_system_9th,road,Yearly,National,13_PNG
ldv,freight,phevg,1.4477249474642654e-09,new_vehicle_efficiency,PJ_per_km,avg_eff_no_outliers,2017-12-31,transport_data_system_9th,road,Yearly,National,13_PNG
ldv,passenger,bev,1.3129037322203529e-09,new_vehicle_efficiency,PJ_per_km,avg_eff_no_outliers,2017-12-31,transport_data_system_9th,road,Yearly,National,13_PNG
ldv,passenger,cng,2.394473030387315e-09,new_vehicle_efficiency,PJ_per_km,avg_eff_no_outliers,2017-12-31,transport_data_system_9th,road,Yearly,National,13_PNG
ldv,passenger,d,4.532689494984268e-09,new_vehicle_efficiency,PJ_per_km,avg_eff_no_outliers,2017-12-31,transport_data_system_9th,road,Yearly,National,13_PNG
ldv,passenger,fcev,8.845924288443346e-09,new_vehicle_efficiency,PJ_per_km,avg_eff_no_outliers,2017-12-31,transport_data_system_9th,road,Yearly,National,13_PNG
ldv,passenger,g,3.932780155841156e-09,new_vehicle_efficiency,PJ_per_km,avg_eff_no_outliers,2017-12-31,transport_data_system_9th,road,Yearly,National,13_PNG
ldv,passenger,lpg,2.7577870695341735e-09,new_vehicle_efficiency,PJ_per_km,avg_eff_no_outliers,2017-12-31,transport_data_system_9th,road,Yearly,National,13_PNG
ldv,passenger,phevg,2.1758348730403763e-09,new_vehicle_efficiency,PJ_per_km,avg_eff_no_outliers,2017-12-31,transport_data_system_9th,road,Yearly,National,13_PNG
2w,passenger,bev,3.923103621112323e-10,new_vehicle_efficiency,PJ_per_km,avg_eff_no_outliers,2017-12-31,transport_data_system_9th,road,Yearly,National,14_PE
2w,passenger,g,1.695120273492808e-09,new_vehicle_efficiency,PJ_per_km,avg_eff_no_outliers,2017-12-31,transport_data_system_9th,road,Yearly,National,14_PE
bus,passenger,bev,1.2283686232456311e-08,new_vehicle_efficiency,PJ_per_km,avg_eff_no_outliers,2017-12-31,transport_data_system_9th,road,Yearly,National,14_PE
bus,passenger,cng,7.167118549275085e-09,new_vehicle_efficiency,PJ_per_km,avg_eff_no_outliers,2017-12-31,transport_data_system_9th,road,Yearly,National,14_PE
bus,passenger,d,1.2782815227528501e-08,new_vehicle_efficiency,PJ_per_km,avg_eff_no_outliers,2017-12-31,transport_data_system_9th,road,Yearly,National,14_PE
bus,passenger,g,1.6151241001565986e-08,new_vehicle_efficiency,PJ_per_km,avg_eff_no_outliers,2017-12-31,transport_data_system_9th,road,Yearly,National,14_PE
bus,passenger,lpg,1.0032174909808287e-08,new_vehicle_efficiency,PJ_per_km,avg_eff_no_outliers,2017-12-31,transport_data_system_9th,road,Yearly,National,14_PE
bus,passenger,phevd,8.831411212829909e-09,new_vehicle_efficiency,PJ_per_km,avg_eff_no_outliers,2017-12-31,transport_data_system_9th,road,Yearly,National,14_PE
ht,freight,bev,4.000631926435889e-09,new_vehicle_efficiency,PJ_per_km,avg_eff_no_outliers,2017-12-31,transport_data_system_9th,road,Yearly,National,14_PE
ht,freight,cng,7.323209036635706e-09,new_vehicle_efficiency,PJ_per_km,avg_eff_no_outliers,2017-12-31,transport_data_system_9th,road,Yearly,National,14_PE
ht,freight,d,1.2191408402420968e-08,new_vehicle_efficiency,PJ_per_km,avg_eff_no_outliers,2017-12-31,transport_data_system_9th,road,Yearly,National,14_PE
ht,freight,g,1.2371777010942034e-08,new_vehicle_efficiency,PJ_per_km,avg_eff_no_outliers,2017-12-31,transport_data_system_9th,road,Yearly,National,14_PE
ht,freight,lpg,9.248392544151107e-09,new_vehicle_efficiency,PJ_per_km,avg_eff_no_outliers,2017-12-31,transport_data_system_9th,road,Yearly,National,14_PE
ldv,freight,bev,1.8054135459862353e-09,new_vehicle_efficiency,PJ_per_km,avg_eff_no_outliers,2017-12-31,transport_data_system_9th,road,Yearly,National,14_PE
ldv,freight,cng,1.8018599583720966e-09,new_vehicle_efficiency,PJ_per_km,avg_eff_no_outliers,2017-12-31,transport_data_system_9th,road,Yearly,National,14_PE
ldv,freight,d,2.612626009966002e-09,new_vehicle_efficiency,PJ_per_km,avg_eff_no_outliers,2017-12-31,transport_data_system_9th,road,Yearly,National,14_PE
ldv,freight,g,2.840170797588088e-09,new_vehicle_efficiency,PJ_per_km,avg_eff_no_outliers,2017-12-31,transport_data_system_9th,road,Yearly,National,14_PE
ldv,freight,lpg,3.5434138652589568e-09,new_vehicle_efficiency,PJ_per_km,avg_eff_no_outliers,2017-12-31,transport_data_system_9th,road,Yearly,National,14_PE
ldv,freight,phevg,1.4477249474642654e-09,new_vehicle_efficiency,PJ_per_km,avg_eff_no_outliers,2017-12-31,transport_data_system_9th,road,Yearly,National,14_PE
ldv,passenger,bev,1.3129037322203529e-09,new_vehicle_efficiency,PJ_per_km,avg_eff_no_outliers,2017-12-31,transport_data_system_9th,road,Yearly,National,14_PE
ldv,passenger,cng,2.394473030387315e-09,new_vehicle_efficiency,PJ_per_km,avg_eff_no_outliers,2017-12-31,transport_data_system_9th,road,Yearly,National,14_PE
ldv,passenger,d,4.532689494984268e-09,new_vehicle_efficiency,PJ_per_km,avg_eff_no_outliers,2017-12-31,transport_data_system_9th,road,Yearly,National,14_PE
ldv,passenger,fcev,8.845924288443346e-09,new_vehicle_efficiency,PJ_per_km,avg_eff_no_outliers,2017-12-31,transport_data_system_9th,road,Yearly,National,14_PE
ldv,passenger,g,3.932780155841156e-09,new_vehicle_efficiency,PJ_per_km,avg_eff_no_outliers,2017-12-31,transport_data_system_9th,road,Yearly,National,14_PE
ldv,passenger,lpg,2.7577870695341735e-09,new_vehicle_efficiency,PJ_per_km,avg_eff_no_outliers,2017-12-31,transport_data_system_9th,road,Yearly,National,14_PE
ldv,passenger,phevg,2.1758348730403763e-09,new_vehicle_efficiency,PJ_per_km,avg_eff_no_outliers,2017-12-31,transport_data_system_9th,road,Yearly,National,14_PE
2w,passenger,bev,3.923103621112323e-10,new_vehicle_efficiency,PJ_per_km,avg_eff_no_outliers,2017-12-31,transport_data_system_9th,road,Yearly,National,15_RP
2w,passenger,g,1.695120273492808e-09,new_vehicle_efficiency,PJ_per_km,avg_eff_no_outliers,2017-12-31,transport_data_system_9th,road,Yearly,National,15_RP
bus,passenger,bev,1.2283686232456311e-08,new_vehicle_efficiency,PJ_per_km,avg_eff_no_outliers,2017-12-31,transport_data_system_9th,road,Yearly,National,15_RP
bus,passenger,cng,7.167118549275085e-09,new_vehicle_efficiency,PJ_per_km,avg_eff_no_outliers,2017-12-31,transport_data_system_9th,road,Yearly,National,15_RP
bus,passenger,d,1.2782815227528501e-08,new_vehicle_efficiency,PJ_per_km,avg_eff_no_outliers,2017-12-31,transport_data_system_9th,road,Yearly,National,15_RP
bus,passenger,g,1.6151241001565986e-08,new_vehicle_efficiency,PJ_per_km,avg_eff_no_outliers,2017-12-31,transport_data_system_9th,road,Yearly,National,15_RP
bus,passenger,lpg,1.0032174909808287e-08,new_vehicle_efficiency,PJ_per_km,avg_eff_no_outliers,2017-12-31,transport_data_system_9th,road,Yearly,National,15_RP
bus,passenger,phevd,8.831411212829909e-09,new_vehicle_efficiency,PJ_per_km,avg_eff_no_outliers,2017-12-31,transport_data_system_9th,road,Yearly,National,15_RP
ht,freight,bev,4.000631926435889e-09,new_vehicle_efficiency,PJ_per_km,avg_eff_no_outliers,2017-12-31,transport_data_system_9th,road,Yearly,National,15_RP
ht,freight,cng,7.323209036635706e-09,new_vehicle_efficiency,PJ_per_km,avg_eff_no_outliers,2017-12-31,transport_data_system_9th,road,Yearly,National,15_RP
ht,freight,d,1.2191408402420968e-08,new_vehicle_efficiency,PJ_per_km,avg_eff_no_outliers,2017-12-31,transport_data_system_9th,road,Yearly,National,15_RP
ht,freight,g,1.2371777010942034e-08,new_vehicle_efficiency,PJ_per_km,avg_eff_no_outliers,2017-12-31,transport_data_system_9th,road,Yearly,National,15_RP
ht,freight,lpg,9.248392544151107e-09,new_vehicle_efficiency,PJ_per_km,avg_eff_no_outliers,2017-12-31,transport_data_system_9th,road,Yearly,National,15_RP
ldv,freight,bev,1.8054135459862353e-09,new_vehicle_efficiency,PJ_per_km,avg_eff_no_outliers,2017-12-31,transport_data_system_9th,road,Yearly,National,15_RP
ldv,freight,cng,1.8018599583720966e-09,new_vehicle_efficiency,PJ_per_km,avg_eff_no_outliers,2017-12-31,transport_data_system_9th,road,Yearly,National,15_RP
ldv,freight,d,2.612626009966002e-09,new_vehicle_efficiency,PJ_per_km,avg_eff_no_outliers,2017-12-31,transport_data_system_9th,road,Yearly,National,15_RP
ldv,freight,g,2.840170797588088e-09,new_vehicle_efficiency,PJ_per_km,avg_eff_no_outliers,2017-12-31,transport_data_system_9th,road,Yearly,National,15_RP
ldv,freight,lpg,3.5434138652589568e-09,new_vehicle_efficiency,PJ_per_km,avg_eff_no_outliers,2017-12-31,transport_data_system_9th,road,Yearly,National,15_RP
ldv,freight,phevg,1.4477249474642654e-09,new_vehicle_efficiency,PJ_per_km,avg_eff_no_outliers,2017-12-31,transport_data_system_9th,road,Yearly,National,15_RP
ldv,passenger,bev,1.3129037322203529e-09,new_vehicle_efficiency,PJ_per_km,avg_eff_no_outliers,2017-12-31,transport_data_system_9th,road,Yearly,National,15_RP
ldv,passenger,cng,2.394473030387315e-09,new_vehicle_efficiency,PJ_per_km,avg_eff_no_outliers,2017-12-31,transport_data_system_9th,road,Yearly,National,15_RP
ldv,passenger,d,4.532689494984268e-09,new_vehicle_efficiency,PJ_per_km,avg_eff_no_outliers,2017-12-31,transport_data_system_9th,road,Yearly,National,15_RP
ldv,passenger,fcev,8.845924288443346e-09,new_vehicle_efficiency,PJ_per_km,avg_eff_no_outliers,2017-12-31,transport_data_system_9th,road,Yearly,National,15_RP
ldv,passenger,g,3.932780155841156e-09,new_vehicle_efficiency,PJ_per_km,avg_eff_no_outliers,2017-12-31,transport_data_system_9th,road,Yearly,National,15_RP
ldv,passenger,lpg,2.7577870695341735e-09,new_vehicle_efficiency,PJ_per_km,avg_eff_no_outliers,2017-12-31,transport_data_system_9th,road,Yearly,National,15_RP
ldv,passenger,phevg,2.1758348730403763e-09,new_vehicle_efficiency,PJ_per_km,avg_eff_no_outliers,2017-12-31,transport_data_system_9th,road,Yearly,National,15_RP
2w,passenger,bev,3.923103621112323e-10,new_vehicle_efficiency,PJ_per_km,avg_eff_no_outliers,2017-12-31,transport_data_system_9th,road,Yearly,National,16_RUS
2w,passenger,g,1.695120273492808e-09,new_vehicle_efficiency,PJ_per_km,avg_eff_no_outliers,2017-12-31,transport_data_system_9th,road,Yearly,National,16_RUS
bus,passenger,bev,1.2283686232456311e-08,new_vehicle_efficiency,PJ_per_km,avg_eff_no_outliers,2017-12-31,transport_data_system_9th,road,Yearly,National,16_RUS
bus,passenger,cng,7.167118549275085e-09,new_vehicle_efficiency,PJ_per_km,avg_eff_no_outliers,2017-12-31,transport_data_system_9th,road,Yearly,National,16_RUS
bus,passenger,d,1.2782815227528501e-08,new_vehicle_efficiency,PJ_per_km,avg_eff_no_outliers,2017-12-31,transport_data_system_9th,road,Yearly,National,16_RUS
bus,passenger,g,1.6151241001565986e-08,new_vehicle_efficiency,PJ_per_km,avg_eff_no_outliers,2017-12-31,transport_data_system_9th,road,Yearly,National,16_RUS
bus,passenger,lpg,1.0032174909808287e-08,new_vehicle_efficiency,PJ_per_km,avg_eff_no_outliers,2017-12-31,transport_data_system_9th,road,Yearly,National,16_RUS
bus,passenger,phevd,8.831411212829909e-09,new_vehicle_efficiency,PJ_per_km,avg_eff_no_outliers,2017-12-31,transport_data_system_9th,road,Yearly,National,16_RUS
ht,freight,bev,4.000631926435889e-09,new_vehicle_efficiency,PJ_per_km,avg_eff_no_outliers,2017-12-31,transport_data_system_9th,road,Yearly,National,16_RUS
ht,freight,cng,7.323209036635706e-09,new_vehicle_efficiency,PJ_per_km,avg_eff_no_outliers,2017-12-31,transport_data_system_9th,road,Yearly,National,16_RUS
ht,freight,d,1.2191408402420968e-08,new_vehicle_efficiency,PJ_per_km,avg_eff_no_outliers,2017-12-31,transport_data_system_9th,road,Yearly,National,16_RUS
ht,freight,g,1.2371777010942034e-08,new_vehicle_efficiency,PJ_per_km,avg_eff_no_outliers,2017-12-31,transport_data_system_9th,road,Yearly,National,16_RUS
ht,freight,lpg,9.248392544151107e-09,new_vehicle_efficiency,PJ_per_km,avg_eff_no_outliers,2017-12-31,transport_data_system_9th,road,Yearly,National,16_RUS
ldv,freight,bev,1.8054135459862353e-09,new_vehicle_efficiency,PJ_per_km,avg_eff_no_outliers,2017-12-31,transport_data_system_9th,road,Yearly,National,16_RUS
ldv,freight,cng,1.8018599583720966e-09,new_vehicle_efficiency,PJ_per_km,avg_eff_no_outliers,2017-12-31,transport_data_system_9th,road,Yearly,National,16_RUS
ldv,freight,d,2.612626009966002e-09,new_vehicle_efficiency,PJ_per_km,avg_eff_no_outliers,2017-12-31,transport_data_system_9th,road,Yearly,National,16_RUS
ldv,freight,g,2.840170797588088e-09,new_vehicle_efficiency,PJ_per_km,avg_eff_no_outliers,2017-12-31,transport_data_system_9th,road,Yearly,National,16_RUS
ldv,freight,lpg,3.5434138652589568e-09,new_vehicle_efficiency,PJ_per_km,avg_eff_no_outliers,2017-12-31,transport_data_system_9th,road,Yearly,National,16_RUS
ldv,freight,phevg,1.4477249474642654e-09,new_vehicle_efficiency,PJ_per_km,avg_eff_no_outliers,2017-12-31,transport_data_system_9th,road,Yearly,National,16_RUS
ldv,passenger,bev,1.3129037322203529e-09,new_vehicle_efficiency,PJ_per_km,avg_eff_no_outliers,2017-12-31,transport_data_system_9th,road,Yearly,National,16_RUS
ldv,passenger,cng,2.394473030387315e-09,new_vehicle_efficiency,PJ_per_km,avg_eff_no_outliers,2017-12-31,transport_data_system_9th,road,Yearly,National,16_RUS
ldv,passenger,d,4.532689494984268e-09,new_vehicle_efficiency,PJ_per_km,avg_eff_no_outliers,2017-12-31,transport_data_system_9th,road,Yearly,National,16_RUS
ldv,passenger,fcev,8.845924288443346e-09,new_vehicle_efficiency,PJ_per_km,avg_eff_no_outliers,2017-12-31,transport_data_system_9th,road,Yearly,National,16_RUS
ldv,passenger,g,3.932780155841156e-09,new_vehicle_efficiency,PJ_per_km,avg_eff_no_outliers,2017-12-31,transport_data_system_9th,road,Yearly,National,16_RUS
ldv,passenger,lpg,2.7577870695341735e-09,new_vehicle_efficiency,PJ_per_km,avg_eff_no_outliers,2017-12-31,transport_data_system_9th,road,Yearly,National,16_RUS
ldv,passenger,phevg,2.1758348730403763e-09,new_vehicle_efficiency,PJ_per_km,avg_eff_no_outliers,2017-12-31,transport_data_system_9th,road,Yearly,National,16_RUS
2w,passenger,bev,3.923103621112323e-10,new_vehicle_efficiency,PJ_per_km,avg_eff_no_outliers,2017-12-31,transport_data_system_9th,road,Yearly,National,17_SIN
2w,passenger,g,1.695120273492808e-09,new_vehicle_efficiency,PJ_per_km,avg_eff_no_outliers,2017-12-31,transport_data_system_9th,road,Yearly,National,17_SIN
bus,passenger,bev,1.2283686232456311e-08,new_vehicle_efficiency,PJ_per_km,avg_eff_no_outliers,2017-12-31,transport_data_system_9th,road,Yearly,National,17_SIN
bus,passenger,cng,7.167118549275085e-09,new_vehicle_efficiency,PJ_per_km,avg_eff_no_outliers,2017-12-31,transport_data_system_9th,road,Yearly,National,17_SIN
bus,passenger,d,1.2782815227528501e-08,new_vehicle_efficiency,PJ_per_km,avg_eff_no_outliers,2017-12-31,transport_data_system_9th,road,Yearly,National,17_SIN
bus,passenger,g,1.6151241001565986e-08,new_vehicle_efficiency,PJ_per_km,avg_eff_no_outliers,2017-12-31,transport_data_system_9th,road,Yearly,National,17_SIN
bus,passenger,lpg,1.0032174909808287e-08,new_vehicle_efficiency,PJ_per_km,avg_eff_no_outliers,2017-12-31,transport_data_system_9th,road,Yearly,National,17_SIN
bus,passenger,phevd,8.831411212829909e-09,new_vehicle_efficiency,PJ_per_km,avg_eff_no_outliers,2017-12-31,transport_data_system_9th,road,Yearly,National,17_SIN
ht,freight,bev,4.000631926435889e-09,new_vehicle_efficiency,PJ_per_km,avg_eff_no_outliers,2017-12-31,transport_data_system_9th,road,Yearly,National,17_SIN
ht,freight,cng,7.323209036635706e-09,new_vehicle_efficiency,PJ_per_km,avg_eff_no_outliers,2017-12-31,transport_data_system_9th,road,Yearly,National,17_SIN
ht,freight,d,1.2191408402420968e-08,new_vehicle_efficiency,PJ_per_km,avg_eff_no_outliers,2017-12-31,transport_data_system_9th,road,Yearly,National,17_SIN
ht,freight,g,1.2371777010942034e-08,new_vehicle_efficiency,PJ_per_km,avg_eff_no_outliers,2017-12-31,transport_data_system_9th,road,Yearly,National,17_SIN
ht,freight,lpg,9.248392544151107e-09,new_vehicle_efficiency,PJ_per_km,avg_eff_no_outliers,2017-12-31,transport_data_system_9th,road,Yearly,National,17_SIN
ldv,freight,bev,1.8054135459862353e-09,new_vehicle_efficiency,PJ_per_km,avg_eff_no_outliers,2017-12-31,transport_data_system_9th,road,Yearly,National,17_SIN
ldv,freight,cng,1.8018599583720966e-09,new_vehicle_efficiency,PJ_per_km,avg_eff_no_outliers,2017-12-31,transport_data_system_9th,road,Yearly,National,17_SIN
ldv,freight,d,2.612626009966002e-09,new_vehicle_efficiency,PJ_per_km,avg_eff_no_outliers,2017-12-31,transport_data_system_9th,road,Yearly,National,17_SIN
ldv,freight,g,2.840170797588088e-09,new_vehicle_efficiency,PJ_per_km,avg_eff_no_outliers,2017-12-31,transport_data_system_9th,road,Yearly,National,17_SIN
ldv,freight,lpg,3.5434138652589568e-09,new_vehicle_efficiency,PJ_per_km,avg_eff_no_outliers,2017-12-31,transport_data_system_9th,road,Yearly,National,17_SIN
ldv,freight,phevg,1.4477249474642654e-09,new_vehicle_efficiency,PJ_per_km,avg_eff_no_outliers,2017-12-31,transport_data_system_9th,road,Yearly,National,17_SIN
ldv,passenger,bev,1.3129037322203529e-09,new_vehicle_efficiency,PJ_per_km,avg_eff_no_outliers,2017-12-31,transport_data_system_9th,road,Yearly,National,17_SIN
ldv,passenger,cng,2.394473030387315e-09,new_vehicle_efficiency,PJ_per_km,avg_eff_no_outliers,2017-12-31,transport_data_system_9th,road,Yearly,National,17_SIN
ldv,passenger,d,4.532689494984268e-09,new_vehicle_efficiency,PJ_per_km,avg_eff_no_outliers,2017-12-31,transport_data_system_9th,road,Yearly,National,17_SIN
ldv,passenger,fcev,8.845924288443346e-09,new_vehicle_efficiency,PJ_per_km,avg_eff_no_outliers,2017-12-31,transport_data_system_9th,road,Yearly,National,17_SIN
ldv,passenger,g,3.932780155841156e-09,new_vehicle_efficiency,PJ_per_km,avg_eff_no_outliers,2017-12-31,transport_data_system_9th,road,Yearly,National,17_SIN
ldv,passenger,lpg,2.7577870695341735e-09,new_vehicle_efficiency,PJ_per_km,avg_eff_no_outliers,2017-12-31,transport_data_system_9th,road,Yearly,National,17_SIN
ldv,passenger,phevg,2.1758348730403763e-09,new_vehicle_efficiency,PJ_per_km,avg_eff_no_outliers,2017-12-31,transport_data_system_9th,road,Yearly,National,17_SIN
2w,passenger,bev,3.923103621112323e-10,new_vehicle_efficiency,PJ_per_km,avg_eff_no_outliers,2017-12-31,transport_data_system_9th,road,Yearly,National,18_CT
2w,passenger,g,1.695120273492808e-09,new_vehicle_efficiency,PJ_per_km,avg_eff_no_outliers,2017-12-31,transport_data_system_9th,road,Yearly,National,18_CT
bus,passenger,bev,1.2283686232456311e-08,new_vehicle_efficiency,PJ_per_km,avg_eff_no_outliers,2017-12-31,transport_data_system_9th,road,Yearly,National,18_CT
bus,passenger,cng,7.167118549275085e-09,new_vehicle_efficiency,PJ_per_km,avg_eff_no_outliers,2017-12-31,transport_data_system_9th,road,Yearly,National,18_CT
bus,passenger,d,1.2782815227528501e-08,new_vehicle_efficiency,PJ_per_km,avg_eff_no_outliers,2017-12-31,transport_data_system_9th,road,Yearly,National,18_CT
bus,passenger,g,1.6151241001565986e-08,new_vehicle_efficiency,PJ_per_km,avg_eff_no_outliers,2017-12-31,transport_data_system_9th,road,Yearly,National,18_CT
bus,passenger,lpg,1.0032174909808287e-08,new_vehicle_efficiency,PJ_per_km,avg_eff_no_outliers,2017-12-31,transport_data_system_9th,road,Yearly,National,18_CT
bus,passenger,phevd,8.831411212829909e-09,new_vehicle_efficiency,PJ_per_km,avg_eff_no_outliers,2017-12-31,transport_data_system_9th,road,Yearly,National,18_CT
ht,freight,bev,4.000631926435889e-09,new_vehicle_efficiency,PJ_per_km,avg_eff_no_outliers,2017-12-31,transport_data_system_9th,road,Yearly,National,18_CT
ht,freight,cng,7.323209036635706e-09,new_vehicle_efficiency,PJ_per_km,avg_eff_no_outliers,2017-12-31,transport_data_system_9th,road,Yearly,National,18_CT
ht,freight,d,1.2191408402420968e-08,new_vehicle_efficiency,PJ_per_km,avg_eff_no_outliers,2017-12-31,transport_data_system_9th,road,Yearly,National,18_CT
ht,freight,g,1.2371777010942034e-08,new_vehicle_efficiency,PJ_per_km,avg_eff_no_outliers,2017-12-31,transport_data_system_9th,road,Yearly,National,18_CT
ht,freight,lpg,9.248392544151107e-09,new_vehicle_efficiency,PJ_per_km,avg_eff_no_outliers,2017-12-31,transport_data_system_9th,road,Yearly,National,18_CT
ldv,freight,bev,1.8054135459862353e-09,new_vehicle_efficiency,PJ_per_km,avg_eff_no_outliers,2017-12-31,transport_data_system_9th,road,Yearly,National,18_CT
ldv,freight,cng,1.8018599583720966e-09,new_vehicle_efficiency,PJ_per_km,avg_eff_no_outliers,2017-12-31,transport_data_system_9th,road,Yearly,National,18_CT
ldv,freight,d,2.612626009966002e-09,new_vehicle_efficiency,PJ_per_km,avg_eff_no_outliers,2017-12-31,transport_data_system_9th,road,Yearly,National,18_CT
ldv,freight,g,2.840170797588088e-09,new_vehicle_efficiency,PJ_per_km,avg_eff_no_outliers,2017-12-31,transport_data_system_9th,road,Yearly,National,18_CT
ldv,freight,lpg,3.5434138652589568e-09,new_vehicle_efficiency,PJ_per_km,avg_eff_no_outliers,2017-12-31,transport_data_system_9th,road,Yearly,National,18_CT
ldv,freight,phevg,1.4477249474642654e-09,new_vehicle_efficiency,PJ_per_km,avg_eff_no_outliers,2017-12-31,transport_data_system_9th,road,Yearly,National,18_CT
ldv,passenger,bev,1.3129037322203529e-09,new_vehicle_efficiency,PJ_per_km,avg_eff_no_outliers,2017-12-31,transport_data_system_9th,road,Yearly,National,18_CT
ldv,passenger,cng,2.394473030387315e-09,new_vehicle_efficiency,PJ_per_km,avg_eff_no_outliers,2017-12-31,transport_data_system_9th,road,Yearly,National,18_CT
ldv,passenger,d,4.532689494984268e-09,new_vehicle_efficiency,PJ_per_km,avg_eff_no_outliers,2017-12-31,transport_data_system_9th,road,Yearly,National,18_CT
ldv,passenger,fcev,8.845924288443346e-09,new_vehicle_efficiency,PJ_per_km,avg_eff_no_outliers,2017-12-31,transport_data_system_9th,road,Yearly,National,18_CT
ldv,passenger,g,3.932780155841156e-09,new_vehicle_efficiency,PJ_per_km,avg_eff_no_outliers,2017-12-31,transport_data_system_9th,road,Yearly,National,18_CT
ldv,passenger,lpg,2.7577870695341735e-09,new_vehicle_efficiency,PJ_per_km,avg_eff_no_outliers,2017-12-31,transport_data_system_9th,road,Yearly,National,18_CT
ldv,passenger,phevg,2.1758348730403763e-09,new_vehicle_efficiency,PJ_per_km,avg_eff_no_outliers,2017-12-31,transport_data_system_9th,road,Yearly,National,18_CT
2w,passenger,bev,3.923103621112323e-10,new_vehicle_efficiency,PJ_per_km,avg_eff_no_outliers,2017-12-31,transport_data_system_9th,road,Yearly,National,19_THA
2w,passenger,g,1.695120273492808e-09,new_vehicle_efficiency,PJ_per_km,avg_eff_no_outliers,2017-12-31,transport_data_system_9th,road,Yearly,National,19_THA
bus,passenger,bev,1.2283686232456311e-08,new_vehicle_efficiency,PJ_per_km,avg_eff_no_outliers,2017-12-31,transport_data_system_9th,road,Yearly,National,19_THA
bus,passenger,cng,7.167118549275085e-09,new_vehicle_efficiency,PJ_per_km,avg_eff_no_outliers,2017-12-31,transport_data_system_9th,road,Yearly,National,19_THA
bus,passenger,d,1.2782815227528501e-08,new_vehicle_efficiency,PJ_per_km,avg_eff_no_outliers,2017-12-31,transport_data_system_9th,road,Yearly,National,19_THA
bus,passenger,g,1.6151241001565986e-08,new_vehicle_efficiency,PJ_per_km,avg_eff_no_outliers,2017-12-31,transport_data_system_9th,road,Yearly,National,19_THA
bus,passenger,lpg,1.0032174909808287e-08,new_vehicle_efficiency,PJ_per_km,avg_eff_no_outliers,2017-12-31,transport_data_system_9th,road,Yearly,National,19_THA
bus,passenger,phevd,8.831411212829909e-09,new_vehicle_efficiency,PJ_per_km,avg_eff_no_outliers,2017-12-31,transport_data_system_9th,road,Yearly,National,19_THA
ht,freight,bev,4.000631926435889e-09,new_vehicle_efficiency,PJ_per_km,avg_eff_no_outliers,2017-12-31,transport_data_system_9th,road,Yearly,National,19_THA
ht,freight,cng,7.323209036635706e-09,new_vehicle_efficiency,PJ_per_km,avg_eff_no_outliers,2017-12-31,transport_data_system_9th,road,Yearly,National,19_THA
ht,freight,d,1.2191408402420968e-08,new_vehicle_efficiency,PJ_per_km,avg_eff_no_outliers,2017-12-31,transport_data_system_9th,road,Yearly,National,19_THA
ht,freight,g,1.2371777010942034e-08,new_vehicle_efficiency,PJ_per_km,avg_eff_no_outliers,2017-12-31,transport_data_system_9th,road,Yearly,National,19_THA
ht,freight,lpg,9.248392544151107e-09,new_vehicle_efficiency,PJ_per_km,avg_eff_no_outliers,2017-12-31,transport_data_system_9th,road,Yearly,National,19_THA
ldv,freight,bev,1.8054135459862353e-09,new_vehicle_efficiency,PJ_per_km,avg_eff_no_outliers,2017-12-31,transport_data_system_9th,road,Yearly,National,19_THA
ldv,freight,cng,1.8018599583720966e-09,new_vehicle_efficiency,PJ_per_km,avg_eff_no_outliers,2017-12-31,transport_data_system_9th,road,Yearly,National,19_THA
ldv,freight,d,2.612626009966002e-09,new_vehicle_efficiency,PJ_per_km,avg_eff_no_outliers,2017-12-31,transport_data_system_9th,road,Yearly,National,19_THA
ldv,freight,g,2.840170797588088e-09,new_vehicle_efficiency,PJ_per_km,avg_eff_no_outliers,2017-12-31,transport_data_system_9th,road,Yearly,National,19_THA
ldv,freight,lpg,3.5434138652589568e-09,new_vehicle_efficiency,PJ_per_km,avg_eff_no_outliers,2017-12-31,transport_data_system_9th,road,Yearly,National,19_THA
ldv,freight,phevg,1.4477249474642654e-09,new_vehicle_efficiency,PJ_per_km,avg_eff_no_outliers,2017-12-31,transport_data_system_9th,road,Yearly,National,19_THA
ldv,passenger,bev,1.3129037322203529e-09,new_vehicle_efficiency,PJ_per_km,avg_eff_no_outliers,2017-12-31,transport_data_system_9th,road,Yearly,National,19_THA
ldv,passenger,cng,2.394473030387315e-09,new_vehicle_efficiency,PJ_per_km,avg_eff_no_outliers,2017-12-31,transport_data_system_9th,road,Yearly,National,19_THA
ldv,passenger,d,4.532689494984268e-09,new_vehicle_efficiency,PJ_per_km,avg_eff_no_outliers,2017-12-31,transport_data_system_9th,road,Yearly,National,19_THA
ldv,passenger,fcev,8.845924288443346e-09,new_vehicle_efficiency,PJ_per_km,avg_eff_no_outliers,2017-12-31,transport_data_system_9th,road,Yearly,National,19_THA
ldv,passenger,g,3.932780155841156e-09,new_vehicle_efficiency,PJ_per_km,avg_eff_no_outliers,2017-12-31,transport_data_system_9th,road,Yearly,National,19_THA
ldv,passenger,lpg,2.7577870695341735e-09,new_vehicle_efficiency,PJ_per_km,avg_eff_no_outliers,2017-12-31,transport_data_system_9th,road,Yearly,National,19_THA
ldv,passenger,phevg,2.1758348730403763e-09,new_vehicle_efficiency,PJ_per_km,avg_eff_no_outliers,2017-12-31,transport_data_system_9th,road,Yearly,National,19_THA
2w,passenger,bev,3.923103621112323e-10,new_vehicle_efficiency,PJ_per_km,avg_eff_no_outliers,2017-12-31,transport_data_system_9th,road,Yearly,National,20_USA
2w,passenger,g,1.695120273492808e-09,new_vehicle_efficiency,PJ_per_km,avg_eff_no_outliers,2017-12-31,transport_data_system_9th,road,Yearly,National,20_USA
bus,passenger,bev,1.2283686232456311e-08,new_vehicle_efficiency,PJ_per_km,avg_eff_no_outliers,2017-12-31,transport_data_system_9th,road,Yearly,National,20_USA
bus,passenger,cng,7.167118549275085e-09,new_vehicle_efficiency,PJ_per_km,avg_eff_no_outliers,2017-12-31,transport_data_system_9th,road,Yearly,National,20_USA
bus,passenger,d,1.2782815227528501e-08,new_vehicle_efficiency,PJ_per_km,avg_eff_no_outliers,2017-12-31,transport_data_system_9th,road,Yearly,National,20_USA
bus,passenger,g,1.6151241001565986e-08,new_vehicle_efficiency,PJ_per_km,avg_eff_no_outliers,2017-12-31,transport_data_system_9th,road,Yearly,National,20_USA
bus,passenger,lpg,1.0032174909808287e-08,new_vehicle_efficiency,PJ_per_km,avg_eff_no_outliers,2017-12-31,transport_data_system_9th,road,Yearly,National,20_USA
bus,passenger,phevd,8.831411212829909e-09,new_vehicle_efficiency,PJ_per_km,avg_eff_no_outliers,2017-12-31,transport_data_system_9th,road,Yearly,National,20_USA
ht,freight,bev,4.000631926435889e-09,new_vehicle_efficiency,PJ_per_km,avg_eff_no_outliers,2017-12-31,transport_data_system_9th,road,Yearly,National,20_USA
ht,freight,cng,7.323209036635706e-09,new_vehicle_efficiency,PJ_per_km,avg_eff_no_outliers,2017-12-31,transport_data_system_9th,road,Yearly,National,20_USA
ht,freight,d,1.2191408402420968e-08,new_vehicle_efficiency,PJ_per_km,avg_eff_no_outliers,2017-12-31,transport_data_system_9th,road,Yearly,National,20_USA
ht,freight,g,1.2371777010942034e-08,new_vehicle_efficiency,PJ_per_km,avg_eff_no_outliers,2017-12-31,transport_data_system_9th,road,Yearly,National,20_USA
ht,freight,lpg,9.248392544151107e-09,new_vehicle_efficiency,PJ_per_km,avg_eff_no_outliers,2017-12-31,transport_data_system_9th,road,Yearly,National,20_USA
ldv,freight,bev,1.8054135459862353e-09,new_vehicle_efficiency,PJ_per_km,avg_eff_no_outliers,2017-12-31,transport_data_system_9th,road,Yearly,National,20_USA
ldv,freight,cng,1.8018599583720966e-09,new_vehicle_efficiency,PJ_per_km,avg_eff_no_outliers,2017-12-31,transport_data_system_9th,road,Yearly,National,20_USA
ldv,freight,d,2.612626009966002e-09,new_vehicle_efficiency,PJ_per_km,avg_eff_no_outliers,2017-12-31,transport_data_system_9th,road,Yearly,National,20_USA
ldv,freight,g,2.840170797588088e-09,new_vehicle_efficiency,PJ_per_km,avg_eff_no_outliers,2017-12-31,transport_data_system_9th,road,Yearly,National,20_USA
ldv,freight,lpg,3.5434138652589568e-09,new_vehicle_efficiency,PJ_per_km,avg_eff_no_outliers,2017-12-31,transport_data_system_9th,road,Yearly,National,20_USA
ldv,freight,phevg,1.4477249474642654e-09,new_vehicle_efficiency,PJ_per_km,avg_eff_no_outliers,2017-12-31,transport_data_system_9th,road,Yearly,National,20_USA
ldv,passenger,bev,1.3129037322203529e-09,new_vehicle_efficiency,PJ_per_km,avg_eff_no_outliers,2017-12-31,transport_data_system_9th,road,Yearly,National,20_USA
ldv,passenger,cng,2.394473030387315e-09,new_vehicle_efficiency,PJ_per_km,avg_eff_no_outliers,2017-12-31,transport_data_system_9th,road,Yearly,National,20_USA
ldv,passenger,d,4.532689494984268e-09,new_vehicle_efficiency,PJ_per_km,avg_eff_no_outliers,2017-12-31,transport_data_system_9th,road,Yearly,National,20_USA
ldv,passenger,fcev,8.845924288443346e-09,new_vehicle_efficiency,PJ_per_km,avg_eff_no_outliers,2017-12-31,transport_data_system_9th,road,Yearly,National,20_USA
ldv,passenger,g,3.932780155841156e-09,new_vehicle_efficiency,PJ_per_km,avg_eff_no_outliers,2017-12-31,transport_data_system_9th,road,Yearly,National,20_USA
ldv,passenger,lpg,2.7577870695341735e-09,new_vehicle_efficiency,PJ_per_km,avg_eff_no_outliers,2017-12-31,transport_data_system_9th,road,Yearly,National,20_USA
ldv,passenger,phevg,2.1758348730403763e-09,new_vehicle_efficiency,PJ_per_km,avg_eff_no_outliers,2017-12-31,transport_data_system_9th,road,Yearly,National,20_USA
2w,passenger,bev,3.923103621112323e-10,new_vehicle_efficiency,PJ_per_km,avg_eff_no_outliers,2017-12-31,transport_data_system_9th,road,Yearly,National,21_VN
2w,passenger,g,1.695120273492808e-09,new_vehicle_efficiency,PJ_per_km,avg_eff_no_outliers,2017-12-31,transport_data_system_9th,road,Yearly,National,21_VN
bus,passenger,bev,1.2283686232456311e-08,new_vehicle_efficiency,PJ_per_km,avg_eff_no_outliers,2017-12-31,transport_data_system_9th,road,Yearly,National,21_VN
bus,passenger,cng,7.167118549275085e-09,new_vehicle_efficiency,PJ_per_km,avg_eff_no_outliers,2017-12-31,transport_data_system_9th,road,Yearly,National,21_VN
bus,passenger,d,1.2782815227528501e-08,new_vehicle_efficiency,PJ_per_km,avg_eff_no_outliers,2017-12-31,transport_data_system_9th,road,Yearly,National,21_VN
bus,passenger,g,1.6151241001565986e-08,new_vehicle_efficiency,PJ_per_km,avg_eff_no_outliers,2017-12-31,transport_data_system_9th,road,Yearly,National,21_VN
bus,passenger,lpg,1.0032174909808287e-08,new_vehicle_efficiency,PJ_per_km,avg_eff_no_outliers,2017-12-31,transport_data_system_9th,road,Yearly,National,21_VN
bus,passenger,phevd,8.831411212829909e-09,new_vehicle_efficiency,PJ_per_km,avg_eff_no_outliers,2017-12-31,transport_data_system_9th,road,Yearly,National,21_VN
ht,freight,bev,4.000631926435889e-09,new_vehicle_efficiency,PJ_per_km,avg_eff_no_outliers,2017-12-31,transport_data_system_9th,road,Yearly,National,21_VN
ht,freight,cng,7.323209036635706e-09,new_vehicle_efficiency,PJ_per_km,avg_eff_no_outliers,2017-12-31,transport_data_system_9th,road,Yearly,National,21_VN
ht,freight,d,1.2191408402420968e-08,new_vehicle_efficiency,PJ_per_km,avg_eff_no_outliers,2017-12-31,transport_data_system_9th,road,Yearly,National,21_VN
ht,freight,g,1.2371777010942034e-08,new_vehicle_efficiency,PJ_per_km,avg_eff_no_outliers,2017-12-31,transport_data_system_9th,road,Yearly,National,21_VN
ht,freight,lpg,9.248392544151107e-09,new_vehicle_efficiency,PJ_per_km,avg_eff_no_outliers,2017-12-31,transport_data_system_9th,road,Yearly,National,21_VN
ldv,freight,bev,1.8054135459862353e-09,new_vehicle_efficiency,PJ_per_km,avg_eff_no_outliers,2017-12-31,transport_data_system_9th,road,Yearly,National,21_VN
ldv,freight,cng,1.8018599583720966e-09,new_vehicle_efficiency,PJ_per_km,avg_eff_no_outliers,2017-12-31,transport_data_system_9th,road,Yearly,National,21_VN
ldv,freight,d,2.612626009966002e-09,new_vehicle_efficiency,PJ_per_km,avg_eff_no_outliers,2017-12-31,transport_data_system_9th,road,Yearly,National,21_VN
ldv,freight,g,2.840170797588088e-09,new_vehicle_efficiency,PJ_per_km,avg_eff_no_outliers,2017-12-31,transport_data_system_9th,road,Yearly,National,21_VN
ldv,freight,lpg,3.5434138652589568e-09,new_vehicle_efficiency,PJ_per_km,avg_eff_no_outliers,2017-12-31,transport_data_system_9th,road,Yearly,National,21_VN
ldv,freight,phevg,1.4477249474642654e-09,new_vehicle_efficiency,PJ_per_km,avg_eff_no_outliers,2017-12-31,transport_data_system_9th,road,Yearly,National,21_VN
ldv,passenger,bev,1.3129037322203529e-09,new_vehicle_efficiency,PJ_per_km,avg_eff_no_outliers,2017-12-31,transport_data_system_9th,road,Yearly,National,21_VN
ldv,passenger,cng,2.394473030387315e-09,new_vehicle_efficiency,PJ_per_km,avg_eff_no_outliers,2017-12-31,transport_data_system_9th,road,Yearly,National,21_VN
ldv,passenger,d,4.532689494984268e-09,new_vehicle_efficiency,PJ_per_km,avg_eff_no_outliers,2017-12-31,transport_data_system_9th,road,Yearly,National,21_VN
ldv,passenger,fcev,8.845924288443346e-09,new_vehicle_efficiency,PJ_per_km,avg_eff_no_outliers,2017-12-31,transport_data_system_9th,road,Yearly,National,21_VN
ldv,passenger,g,3.932780155841156e-09,new_vehicle_efficiency,PJ_per_km,avg_eff_no_outliers,2017-12-31,transport_data_system_9th,road,Yearly,National,21_VN
ldv,passenger,lpg,2.7577870695341735e-09,new_vehicle_efficiency,PJ_per_km,avg_eff_no_outliers,2017-12-31,transport_data_system_9th,road,Yearly,National,21_VN
ldv,passenger,phevg,2.1758348730403763e-09,new_vehicle_efficiency,PJ_per_km,avg_eff_no_outliers,2017-12-31,transport_data_system_9th,road,Yearly,National,21_VN
