Date,Value,Vehicle_Type,Measure,Drive,Transport_Type,Frequency,Medium,Dataset,Unit,Fuel,Economy,Scope
2000,2147975.0,LPV,Stocks,All,Passenger,Annual,Road,nz_fleet_stats,Stocks,All,12_NZ,National
2001,2214053.0,LPV,Stocks,All,Passenger,Annual,Road,nz_fleet_stats,Stocks,All,12_NZ,National
2002,2292713.0,LPV,Stocks,All,Passenger,Annual,Road,nz_fleet_stats,Stocks,All,12_NZ,National
2003,2395498.0,LPV,Stocks,All,Passenger,Annual,Road,nz_fleet_stats,Stocks,All,12_NZ,National
2004,2491253.0,LPV,Stocks,All,Passenger,Annual,Road,nz_fleet_stats,Stocks,All,12_NZ,National
2005,2578925.0,LPV,Stocks,All,Passenger,Annual,Road,nz_fleet_stats,Stocks,All,12_NZ,National
2006,2631955.0,LPV,Stocks,All,Passenger,Annual,Road,nz_fleet_stats,Stocks,All,12_NZ,National
2007,2679659.0,LPV,Stocks,All,Passenger,Annual,Road,nz_fleet_stats,Stocks,All,12_NZ,National
2008,2693252.0,LPV,Stocks,All,Passenger,Annual,Road,nz_fleet_stats,Stocks,All,12_NZ,National
2009,2685088.0,LPV,Stocks,All,Passenger,Annual,Road,nz_fleet_stats,Stocks,All,12_NZ,National
2010,2705627.0,LPV,Stocks,All,Passenger,Annual,Road,nz_fleet_stats,Stocks,All,12_NZ,National
2011,2698664.0,LPV,Stocks,All,Passenger,Annual,Road,nz_fleet_stats,Stocks,All,12_NZ,National
2012,2736834.0,LPV,Stocks,All,Passenger,Annual,Road,nz_fleet_stats,Stocks,All,12_NZ,National
2013,2795032.0,LPV,Stocks,All,Passenger,Annual,Road,nz_fleet_stats,Stocks,All,12_NZ,National
2014,2884408.0,LPV,Stocks,All,Passenger,Annual,Road,nz_fleet_stats,Stocks,All,12_NZ,National
2015,2979282.0,LPV,Stocks,All,Passenger,Annual,Road,nz_fleet_stats,Stocks,All,12_NZ,National
2016,3091090.0,LPV,Stocks,All,Passenger,Annual,Road,nz_fleet_stats,Stocks,All,12_NZ,National
2017,3201430.0,LPV,Stocks,All,Passenger,Annual,Road,nz_fleet_stats,Stocks,All,12_NZ,National
2018,3277461.0,LPV,Stocks,All,Passenger,Annual,Road,nz_fleet_stats,Stocks,All,12_NZ,National
2019,3339423.0,LPV,Stocks,All,Passenger,Annual,Road,nz_fleet_stats,Stocks,All,12_NZ,National
2020,3365366.0,LPV,Stocks,All,Passenger,Annual,Road,nz_fleet_stats,Stocks,All,12_NZ,National
2021,3423437.0,LPV,Stocks,All,Passenger,Annual,Road,nz_fleet_stats,Stocks,All,12_NZ,National
2000,347351.0,LCV,Stocks,All,Freight,Annual,Road,nz_fleet_stats,Stocks,All,12_NZ,National
2001,349962.0,LCV,Stocks,All,Freight,Annual,Road,nz_fleet_stats,Stocks,All,12_NZ,National
2002,355617.0,LCV,Stocks,All,Freight,Annual,Road,nz_fleet_stats,Stocks,All,12_NZ,National
2003,364320.0,LCV,Stocks,All,Freight,Annual,Road,nz_fleet_stats,Stocks,All,12_NZ,National
2004,376136.0,LCV,Stocks,All,Freight,Annual,Road,nz_fleet_stats,Stocks,All,12_NZ,National
2005,388631.0,LCV,Stocks,All,Freight,Annual,Road,nz_fleet_stats,Stocks,All,12_NZ,National
2006,398122.0,LCV,Stocks,All,Freight,Annual,Road,nz_fleet_stats,Stocks,All,12_NZ,National
2007,409469.0,LCV,Stocks,All,Freight,Annual,Road,nz_fleet_stats,Stocks,All,12_NZ,National
2008,415915.0,LCV,Stocks,All,Freight,Annual,Road,nz_fleet_stats,Stocks,All,12_NZ,National
2009,415284.0,LCV,Stocks,All,Freight,Annual,Road,nz_fleet_stats,Stocks,All,12_NZ,National
2010,417347.0,LCV,Stocks,All,Freight,Annual,Road,nz_fleet_stats,Stocks,All,12_NZ,National
2011,419535.0,LCV,Stocks,All,Freight,Annual,Road,nz_fleet_stats,Stocks,All,12_NZ,National
2012,429564.0,LCV,Stocks,All,Freight,Annual,Road,nz_fleet_stats,Stocks,All,12_NZ,National
2013,449101.0,LCV,Stocks,All,Freight,Annual,Road,nz_fleet_stats,Stocks,All,12_NZ,National
2014,475418.0,LCV,Stocks,All,Freight,Annual,Road,nz_fleet_stats,Stocks,All,12_NZ,National
2015,503897.0,LCV,Stocks,All,Freight,Annual,Road,nz_fleet_stats,Stocks,All,12_NZ,National
2016,540334.0,LCV,Stocks,All,Freight,Annual,Road,nz_fleet_stats,Stocks,All,12_NZ,National
2017,582270.0,LCV,Stocks,All,Freight,Annual,Road,nz_fleet_stats,Stocks,All,12_NZ,National
2018,622637.0,LCV,Stocks,All,Freight,Annual,Road,nz_fleet_stats,Stocks,All,12_NZ,National
2019,658582.0,LCV,Stocks,All,Freight,Annual,Road,nz_fleet_stats,Stocks,All,12_NZ,National
2020,683568.0,LCV,Stocks,All,Freight,Annual,Road,nz_fleet_stats,Stocks,All,12_NZ,National
2021,713922.0,LCV,Stocks,All,Freight,Annual,Road,nz_fleet_stats,Stocks,All,12_NZ,National
2000,95761.0,HT,Stocks,All,Freight,Annual,Road,nz_fleet_stats,Stocks,All,12_NZ,National
2001,97995.0,HT,Stocks,All,Freight,Annual,Road,nz_fleet_stats,Stocks,All,12_NZ,National
2002,101821.0,HT,Stocks,All,Freight,Annual,Road,nz_fleet_stats,Stocks,All,12_NZ,National
2003,106991.0,HT,Stocks,All,Freight,Annual,Road,nz_fleet_stats,Stocks,All,12_NZ,National
2004,113883.0,HT,Stocks,All,Freight,Annual,Road,nz_fleet_stats,Stocks,All,12_NZ,National
2005,119956.0,HT,Stocks,All,Freight,Annual,Road,nz_fleet_stats,Stocks,All,12_NZ,National
2006,124478.0,HT,Stocks,All,Freight,Annual,Road,nz_fleet_stats,Stocks,All,12_NZ,National
2007,128918.0,HT,Stocks,All,Freight,Annual,Road,nz_fleet_stats,Stocks,All,12_NZ,National
2008,131317.0,HT,Stocks,All,Freight,Annual,Road,nz_fleet_stats,Stocks,All,12_NZ,National
2009,130423.0,HT,Stocks,All,Freight,Annual,Road,nz_fleet_stats,Stocks,All,12_NZ,National
2010,129065.0,HT,Stocks,All,Freight,Annual,Road,nz_fleet_stats,Stocks,All,12_NZ,National
2011,127823.0,HT,Stocks,All,Freight,Annual,Road,nz_fleet_stats,Stocks,All,12_NZ,National
2012,127820.0,HT,Stocks,All,Freight,Annual,Road,nz_fleet_stats,Stocks,All,12_NZ,National
2013,129751.0,HT,Stocks,All,Freight,Annual,Road,nz_fleet_stats,Stocks,All,12_NZ,National
2014,133265.0,HT,Stocks,All,Freight,Annual,Road,nz_fleet_stats,Stocks,All,12_NZ,National
2015,136740.0,HT,Stocks,All,Freight,Annual,Road,nz_fleet_stats,Stocks,All,12_NZ,National
2016,140050.0,HT,Stocks,All,Freight,Annual,Road,nz_fleet_stats,Stocks,All,12_NZ,National
2017,144663.0,HT,Stocks,All,Freight,Annual,Road,nz_fleet_stats,Stocks,All,12_NZ,National
2018,149168.0,HT,Stocks,All,Freight,Annual,Road,nz_fleet_stats,Stocks,All,12_NZ,National
2019,153271.0,HT,Stocks,All,Freight,Annual,Road,nz_fleet_stats,Stocks,All,12_NZ,National
2020,156490.0,HT,Stocks,All,Freight,Annual,Road,nz_fleet_stats,Stocks,All,12_NZ,National
2021,161004.0,HT,Stocks,All,Freight,Annual,Road,nz_fleet_stats,Stocks,All,12_NZ,National
2000,4465.0,Bus,Stocks,All,Passenger,Annual,Road,nz_fleet_stats,Stocks,All,12_NZ,National
2001,4758.0,Bus,Stocks,All,Passenger,Annual,Road,nz_fleet_stats,Stocks,All,12_NZ,National
2002,5164.0,Bus,Stocks,All,Passenger,Annual,Road,nz_fleet_stats,Stocks,All,12_NZ,National
2003,5543.0,Bus,Stocks,All,Passenger,Annual,Road,nz_fleet_stats,Stocks,All,12_NZ,National
2004,5978.0,Bus,Stocks,All,Passenger,Annual,Road,nz_fleet_stats,Stocks,All,12_NZ,National
2005,6319.0,Bus,Stocks,All,Passenger,Annual,Road,nz_fleet_stats,Stocks,All,12_NZ,National
2006,6580.0,Bus,Stocks,All,Passenger,Annual,Road,nz_fleet_stats,Stocks,All,12_NZ,National
2007,7046.0,Bus,Stocks,All,Passenger,Annual,Road,nz_fleet_stats,Stocks,All,12_NZ,National
2008,7523.0,Bus,Stocks,All,Passenger,Annual,Road,nz_fleet_stats,Stocks,All,12_NZ,National
2009,7892.0,Bus,Stocks,All,Passenger,Annual,Road,nz_fleet_stats,Stocks,All,12_NZ,National
2010,8033.0,Bus,Stocks,All,Passenger,Annual,Road,nz_fleet_stats,Stocks,All,12_NZ,National
2011,8141.0,Bus,Stocks,All,Passenger,Annual,Road,nz_fleet_stats,Stocks,All,12_NZ,National
2012,8267.0,Bus,Stocks,All,Passenger,Annual,Road,nz_fleet_stats,Stocks,All,12_NZ,National
2013,8522.0,Bus,Stocks,All,Passenger,Annual,Road,nz_fleet_stats,Stocks,All,12_NZ,National
2014,8745.0,Bus,Stocks,All,Passenger,Annual,Road,nz_fleet_stats,Stocks,All,12_NZ,National
2015,8973.0,Bus,Stocks,All,Passenger,Annual,Road,nz_fleet_stats,Stocks,All,12_NZ,National
2016,9588.0,Bus,Stocks,All,Passenger,Annual,Road,nz_fleet_stats,Stocks,All,12_NZ,National
2017,10103.0,Bus,Stocks,All,Passenger,Annual,Road,nz_fleet_stats,Stocks,All,12_NZ,National
2018,10885.0,Bus,Stocks,All,Passenger,Annual,Road,nz_fleet_stats,Stocks,All,12_NZ,National
2019,11156.0,Bus,Stocks,All,Passenger,Annual,Road,nz_fleet_stats,Stocks,All,12_NZ,National
2020,11214.0,Bus,Stocks,All,Passenger,Annual,Road,nz_fleet_stats,Stocks,All,12_NZ,National
2021,11412.0,Bus,Stocks,All,Passenger,Annual,Road,nz_fleet_stats,Stocks,All,12_NZ,National
2000,78547.0,2W,Stocks,All,Passenger,Annual,Road,nz_fleet_stats,Stocks,All,12_NZ,National
2001,79104.0,2W,Stocks,All,Passenger,Annual,Road,nz_fleet_stats,Stocks,All,12_NZ,National
2002,80634.0,2W,Stocks,All,Passenger,Annual,Road,nz_fleet_stats,Stocks,All,12_NZ,National
2003,83493.0,2W,Stocks,All,Passenger,Annual,Road,nz_fleet_stats,Stocks,All,12_NZ,National
2004,88332.0,2W,Stocks,All,Passenger,Annual,Road,nz_fleet_stats,Stocks,All,12_NZ,National
2005,97263.0,2W,Stocks,All,Passenger,Annual,Road,nz_fleet_stats,Stocks,All,12_NZ,National
2006,107906.0,2W,Stocks,All,Passenger,Annual,Road,nz_fleet_stats,Stocks,All,12_NZ,National
2007,119644.0,2W,Stocks,All,Passenger,Annual,Road,nz_fleet_stats,Stocks,All,12_NZ,National
2008,133532.0,2W,Stocks,All,Passenger,Annual,Road,nz_fleet_stats,Stocks,All,12_NZ,National
2009,138340.0,2W,Stocks,All,Passenger,Annual,Road,nz_fleet_stats,Stocks,All,12_NZ,National
2010,140192.0,2W,Stocks,All,Passenger,Annual,Road,nz_fleet_stats,Stocks,All,12_NZ,National
2011,140767.0,2W,Stocks,All,Passenger,Annual,Road,nz_fleet_stats,Stocks,All,12_NZ,National
2012,143507.0,2W,Stocks,All,Passenger,Annual,Road,nz_fleet_stats,Stocks,All,12_NZ,National
2013,147589.0,2W,Stocks,All,Passenger,Annual,Road,nz_fleet_stats,Stocks,All,12_NZ,National
2014,152838.0,2W,Stocks,All,Passenger,Annual,Road,nz_fleet_stats,Stocks,All,12_NZ,National
2015,158639.0,2W,Stocks,All,Passenger,Annual,Road,nz_fleet_stats,Stocks,All,12_NZ,National
2016,164134.0,2W,Stocks,All,Passenger,Annual,Road,nz_fleet_stats,Stocks,All,12_NZ,National
2017,170001.0,2W,Stocks,All,Passenger,Annual,Road,nz_fleet_stats,Stocks,All,12_NZ,National
2018,175744.0,2W,Stocks,All,Passenger,Annual,Road,nz_fleet_stats,Stocks,All,12_NZ,National
2019,181337.0,2W,Stocks,All,Passenger,Annual,Road,nz_fleet_stats,Stocks,All,12_NZ,National
2020,187747.0,2W,Stocks,All,Passenger,Annual,Road,nz_fleet_stats,Stocks,All,12_NZ,National
2021,195581.0,2W,Stocks,All,Passenger,Annual,Road,nz_fleet_stats,Stocks,All,12_NZ,National
2001,2154699.0,LPV,Stocks,ICE_G,Passenger,Annual,Road,nz_fleet_stats,Stocks,All,12_NZ,National
2002,2228556.0,LPV,Stocks,ICE_G,Passenger,Annual,Road,nz_fleet_stats,Stocks,All,12_NZ,National
2003,2320698.0,LPV,Stocks,ICE_G,Passenger,Annual,Road,nz_fleet_stats,Stocks,All,12_NZ,National
2004,2412592.0,LPV,Stocks,ICE_G,Passenger,Annual,Road,nz_fleet_stats,Stocks,All,12_NZ,National
2005,2498120.0,LPV,Stocks,ICE_G,Passenger,Annual,Road,nz_fleet_stats,Stocks,All,12_NZ,National
2006,2552566.0,LPV,Stocks,ICE_G,Passenger,Annual,Road,nz_fleet_stats,Stocks,All,12_NZ,National
2007,2600850.0,LPV,Stocks,ICE_G,Passenger,Annual,Road,nz_fleet_stats,Stocks,All,12_NZ,National
2008,2615742.0,LPV,Stocks,ICE_G,Passenger,Annual,Road,nz_fleet_stats,Stocks,All,12_NZ,National
2009,2592358.0,LPV,Stocks,ICE_G,Passenger,Annual,Road,nz_fleet_stats,Stocks,All,12_NZ,National
2010,2612514.0,LPV,Stocks,ICE_G,Passenger,Annual,Road,nz_fleet_stats,Stocks,All,12_NZ,National
2011,2628723.0,LPV,Stocks,ICE_G,Passenger,Annual,Road,nz_fleet_stats,Stocks,All,12_NZ,National
2012,2632410.0,LPV,Stocks,ICE_G,Passenger,Annual,Road,nz_fleet_stats,Stocks,All,12_NZ,National
2013,2683542.0,LPV,Stocks,ICE_G,Passenger,Annual,Road,nz_fleet_stats,Stocks,All,12_NZ,National
2014,2769490.0,LPV,Stocks,ICE_G,Passenger,Annual,Road,nz_fleet_stats,Stocks,All,12_NZ,National
2015,2866706.0,LPV,Stocks,ICE_G,Passenger,Annual,Road,nz_fleet_stats,Stocks,All,12_NZ,National
2016,2964201.0,LPV,Stocks,ICE_G,Passenger,Annual,Road,nz_fleet_stats,Stocks,All,12_NZ,National
2017,3083028.0,LPV,Stocks,ICE_G,Passenger,Annual,Road,nz_fleet_stats,Stocks,All,12_NZ,National
2018,3160972.0,LPV,Stocks,ICE_G,Passenger,Annual,Road,nz_fleet_stats,Stocks,All,12_NZ,National
2019,3212743.0,LPV,Stocks,ICE_G,Passenger,Annual,Road,nz_fleet_stats,Stocks,All,12_NZ,National
2020,3214787.0,LPV,Stocks,ICE_G,Passenger,Annual,Road,nz_fleet_stats,Stocks,All,12_NZ,National
2021,3258672.0,LPV,Stocks,ICE_G,Passenger,Annual,Road,nz_fleet_stats,Stocks,All,12_NZ,National
2001,158503.0,LPV,Stocks,ICE_D,Passenger,Annual,Road,nz_fleet_stats,Stocks,All,12_NZ,National
2002,173888.0,LPV,Stocks,ICE_D,Passenger,Annual,Road,nz_fleet_stats,Stocks,All,12_NZ,National
2003,194376.0,LPV,Stocks,ICE_D,Passenger,Annual,Road,nz_fleet_stats,Stocks,All,12_NZ,National
2004,210964.0,LPV,Stocks,ICE_D,Passenger,Annual,Road,nz_fleet_stats,Stocks,All,12_NZ,National
2005,226898.0,LPV,Stocks,ICE_D,Passenger,Annual,Road,nz_fleet_stats,Stocks,All,12_NZ,National
2006,234387.0,LPV,Stocks,ICE_D,Passenger,Annual,Road,nz_fleet_stats,Stocks,All,12_NZ,National
2007,239403.0,LPV,Stocks,ICE_D,Passenger,Annual,Road,nz_fleet_stats,Stocks,All,12_NZ,National
2008,240790.0,LPV,Stocks,ICE_D,Passenger,Annual,Road,nz_fleet_stats,Stocks,All,12_NZ,National
2009,238723.0,LPV,Stocks,ICE_D,Passenger,Annual,Road,nz_fleet_stats,Stocks,All,12_NZ,National
2010,238448.0,LPV,Stocks,ICE_D,Passenger,Annual,Road,nz_fleet_stats,Stocks,All,12_NZ,National
2011,239679.0,LPV,Stocks,ICE_D,Passenger,Annual,Road,nz_fleet_stats,Stocks,All,12_NZ,National
2012,242787.0,LPV,Stocks,ICE_D,Passenger,Annual,Road,nz_fleet_stats,Stocks,All,12_NZ,National
2013,249831.0,LPV,Stocks,ICE_D,Passenger,Annual,Road,nz_fleet_stats,Stocks,All,12_NZ,National
2014,256765.0,LPV,Stocks,ICE_D,Passenger,Annual,Road,nz_fleet_stats,Stocks,All,12_NZ,National
2015,264402.0,LPV,Stocks,ICE_D,Passenger,Annual,Road,nz_fleet_stats,Stocks,All,12_NZ,National
2016,275133.0,LPV,Stocks,ICE_D,Passenger,Annual,Road,nz_fleet_stats,Stocks,All,12_NZ,National
2017,287605.0,LPV,Stocks,ICE_D,Passenger,Annual,Road,nz_fleet_stats,Stocks,All,12_NZ,National
2018,297348.0,LPV,Stocks,ICE_D,Passenger,Annual,Road,nz_fleet_stats,Stocks,All,12_NZ,National
2019,304529.0,LPV,Stocks,ICE_D,Passenger,Annual,Road,nz_fleet_stats,Stocks,All,12_NZ,National
2020,306641.0,LPV,Stocks,ICE_D,Passenger,Annual,Road,nz_fleet_stats,Stocks,All,12_NZ,National
2021,313043.0,LPV,Stocks,ICE_D,Passenger,Annual,Road,nz_fleet_stats,Stocks,All,12_NZ,National
2001,197592.0,LCV,Stocks,ICE_G,Freight,Annual,Road,nz_fleet_stats,Stocks,All,12_NZ,National
2002,194486.0,LCV,Stocks,ICE_G,Freight,Annual,Road,nz_fleet_stats,Stocks,All,12_NZ,National
2003,191083.0,LCV,Stocks,ICE_G,Freight,Annual,Road,nz_fleet_stats,Stocks,All,12_NZ,National
2004,188344.0,LCV,Stocks,ICE_G,Freight,Annual,Road,nz_fleet_stats,Stocks,All,12_NZ,National
2005,185422.0,LCV,Stocks,ICE_G,Freight,Annual,Road,nz_fleet_stats,Stocks,All,12_NZ,National
2006,181358.0,LCV,Stocks,ICE_G,Freight,Annual,Road,nz_fleet_stats,Stocks,All,12_NZ,National
2007,177403.0,LCV,Stocks,ICE_G,Freight,Annual,Road,nz_fleet_stats,Stocks,All,12_NZ,National
2008,173237.0,LCV,Stocks,ICE_G,Freight,Annual,Road,nz_fleet_stats,Stocks,All,12_NZ,National
2009,166920.0,LCV,Stocks,ICE_G,Freight,Annual,Road,nz_fleet_stats,Stocks,All,12_NZ,National
2010,162833.0,LCV,Stocks,ICE_G,Freight,Annual,Road,nz_fleet_stats,Stocks,All,12_NZ,National
2011,159733.0,LCV,Stocks,ICE_G,Freight,Annual,Road,nz_fleet_stats,Stocks,All,12_NZ,National
2012,156025.0,LCV,Stocks,ICE_G,Freight,Annual,Road,nz_fleet_stats,Stocks,All,12_NZ,National
2013,154971.0,LCV,Stocks,ICE_G,Freight,Annual,Road,nz_fleet_stats,Stocks,All,12_NZ,National
2014,155938.0,LCV,Stocks,ICE_G,Freight,Annual,Road,nz_fleet_stats,Stocks,All,12_NZ,National
2015,156852.0,LCV,Stocks,ICE_G,Freight,Annual,Road,nz_fleet_stats,Stocks,All,12_NZ,National
2016,159182.0,LCV,Stocks,ICE_G,Freight,Annual,Road,nz_fleet_stats,Stocks,All,12_NZ,National
2017,161827.0,LCV,Stocks,ICE_G,Freight,Annual,Road,nz_fleet_stats,Stocks,All,12_NZ,National
2018,162409.0,LCV,Stocks,ICE_G,Freight,Annual,Road,nz_fleet_stats,Stocks,All,12_NZ,National
2019,162422.0,LCV,Stocks,ICE_G,Freight,Annual,Road,nz_fleet_stats,Stocks,All,12_NZ,National
2020,160999.0,LCV,Stocks,ICE_G,Freight,Annual,Road,nz_fleet_stats,Stocks,All,12_NZ,National
2021,159116.0,LCV,Stocks,ICE_G,Freight,Annual,Road,nz_fleet_stats,Stocks,All,12_NZ,National
2001,164285.0,LCV,Stocks,ICE_D,Freight,Annual,Road,nz_fleet_stats,Stocks,All,12_NZ,National
2002,176695.0,LCV,Stocks,ICE_D,Freight,Annual,Road,nz_fleet_stats,Stocks,All,12_NZ,National
2003,191106.0,LCV,Stocks,ICE_D,Freight,Annual,Road,nz_fleet_stats,Stocks,All,12_NZ,National
2004,207813.0,LCV,Stocks,ICE_D,Freight,Annual,Road,nz_fleet_stats,Stocks,All,12_NZ,National
2005,225118.0,LCV,Stocks,ICE_D,Freight,Annual,Road,nz_fleet_stats,Stocks,All,12_NZ,National
2006,240400.0,LCV,Stocks,ICE_D,Freight,Annual,Road,nz_fleet_stats,Stocks,All,12_NZ,National
2007,256466.0,LCV,Stocks,ICE_D,Freight,Annual,Road,nz_fleet_stats,Stocks,All,12_NZ,National
2008,268752.0,LCV,Stocks,ICE_D,Freight,Annual,Road,nz_fleet_stats,Stocks,All,12_NZ,National
2009,273319.0,LCV,Stocks,ICE_D,Freight,Annual,Road,nz_fleet_stats,Stocks,All,12_NZ,National
2010,280875.0,LCV,Stocks,ICE_D,Freight,Annual,Road,nz_fleet_stats,Stocks,All,12_NZ,National
2011,290005.0,LCV,Stocks,ICE_D,Freight,Annual,Road,nz_fleet_stats,Stocks,All,12_NZ,National
2012,300806.0,LCV,Stocks,ICE_D,Freight,Annual,Road,nz_fleet_stats,Stocks,All,12_NZ,National
2013,319867.0,LCV,Stocks,ICE_D,Freight,Annual,Road,nz_fleet_stats,Stocks,All,12_NZ,National
2014,344455.0,LCV,Stocks,ICE_D,Freight,Annual,Road,nz_fleet_stats,Stocks,All,12_NZ,National
2015,372376.0,LCV,Stocks,ICE_D,Freight,Annual,Road,nz_fleet_stats,Stocks,All,12_NZ,National
2016,405086.0,LCV,Stocks,ICE_D,Freight,Annual,Road,nz_fleet_stats,Stocks,All,12_NZ,National
2017,445816.0,LCV,Stocks,ICE_D,Freight,Annual,Road,nz_fleet_stats,Stocks,All,12_NZ,National
2018,486940.0,LCV,Stocks,ICE_D,Freight,Annual,Road,nz_fleet_stats,Stocks,All,12_NZ,National
2019,523367.0,LCV,Stocks,ICE_D,Freight,Annual,Road,nz_fleet_stats,Stocks,All,12_NZ,National
2020,547363.0,LCV,Stocks,ICE_D,Freight,Annual,Road,nz_fleet_stats,Stocks,All,12_NZ,National
2021,582455.0,LCV,Stocks,ICE_D,Freight,Annual,Road,nz_fleet_stats,Stocks,All,12_NZ,National
2001,54.0,LPV,Stocks,BEV,Passenger,Annual,Road,nz_fleet_stats,Stocks,All,12_NZ,National
2002,53.0,LPV,Stocks,BEV,Passenger,Annual,Road,nz_fleet_stats,Stocks,All,12_NZ,National
2003,55.0,LPV,Stocks,BEV,Passenger,Annual,Road,nz_fleet_stats,Stocks,All,12_NZ,National
2004,56.0,LPV,Stocks,BEV,Passenger,Annual,Road,nz_fleet_stats,Stocks,All,12_NZ,National
2005,57.0,LPV,Stocks,BEV,Passenger,Annual,Road,nz_fleet_stats,Stocks,All,12_NZ,National
2006,57.0,LPV,Stocks,BEV,Passenger,Annual,Road,nz_fleet_stats,Stocks,All,12_NZ,National
2007,58.0,LPV,Stocks,BEV,Passenger,Annual,Road,nz_fleet_stats,Stocks,All,12_NZ,National
2008,59.0,LPV,Stocks,BEV,Passenger,Annual,Road,nz_fleet_stats,Stocks,All,12_NZ,National
2009,67.0,LPV,Stocks,BEV,Passenger,Annual,Road,nz_fleet_stats,Stocks,All,12_NZ,National
2010,74.0,LPV,Stocks,BEV,Passenger,Annual,Road,nz_fleet_stats,Stocks,All,12_NZ,National
2011,87.0,LPV,Stocks,BEV,Passenger,Annual,Road,nz_fleet_stats,Stocks,All,12_NZ,National
2012,112.0,LPV,Stocks,BEV,Passenger,Annual,Road,nz_fleet_stats,Stocks,All,12_NZ,National
2013,138.0,LPV,Stocks,BEV,Passenger,Annual,Road,nz_fleet_stats,Stocks,All,12_NZ,National
2014,250.0,LPV,Stocks,BEV,Passenger,Annual,Road,nz_fleet_stats,Stocks,All,12_NZ,National
2015,512.0,LPV,Stocks,BEV,Passenger,Annual,Road,nz_fleet_stats,Stocks,All,12_NZ,National
2016,1585.0,LPV,Stocks,BEV,Passenger,Annual,Road,nz_fleet_stats,Stocks,All,12_NZ,National
2017,4457.0,LPV,Stocks,BEV,Passenger,Annual,Road,nz_fleet_stats,Stocks,All,12_NZ,National
2018,8789.0,LPV,Stocks,BEV,Passenger,Annual,Road,nz_fleet_stats,Stocks,All,12_NZ,National
2019,14118.0,LPV,Stocks,BEV,Passenger,Annual,Road,nz_fleet_stats,Stocks,All,12_NZ,National
2020,18048.0,LPV,Stocks,BEV,Passenger,Annual,Road,nz_fleet_stats,Stocks,All,12_NZ,National
2021,27565.0,LPV,Stocks,BEV,Passenger,Annual,Road,nz_fleet_stats,Stocks,All,12_NZ,National
2001,76284.0,2W,Stocks,ICE_G,Passenger,Annual,Road,nz_fleet_stats,Stocks,All,12_NZ,National
2002,79384.0,2W,Stocks,ICE_G,Passenger,Annual,Road,nz_fleet_stats,Stocks,All,12_NZ,National
2003,83972.0,2W,Stocks,ICE_G,Passenger,Annual,Road,nz_fleet_stats,Stocks,All,12_NZ,National
2004,90096.0,2W,Stocks,ICE_G,Passenger,Annual,Road,nz_fleet_stats,Stocks,All,12_NZ,National
2005,100637.0,2W,Stocks,ICE_G,Passenger,Annual,Road,nz_fleet_stats,Stocks,All,12_NZ,National
2006,113311.0,2W,Stocks,ICE_G,Passenger,Annual,Road,nz_fleet_stats,Stocks,All,12_NZ,National
2007,126223.0,2W,Stocks,ICE_G,Passenger,Annual,Road,nz_fleet_stats,Stocks,All,12_NZ,National
2008,140863.0,2W,Stocks,ICE_G,Passenger,Annual,Road,nz_fleet_stats,Stocks,All,12_NZ,National
2009,147274.0,2W,Stocks,ICE_G,Passenger,Annual,Road,nz_fleet_stats,Stocks,All,12_NZ,National
2010,150408.0,2W,Stocks,ICE_G,Passenger,Annual,Road,nz_fleet_stats,Stocks,All,12_NZ,National
2011,152652.0,2W,Stocks,ICE_G,Passenger,Annual,Road,nz_fleet_stats,Stocks,All,12_NZ,National
2012,152697.0,2W,Stocks,ICE_G,Passenger,Annual,Road,nz_fleet_stats,Stocks,All,12_NZ,National
2013,156938.0,2W,Stocks,ICE_G,Passenger,Annual,Road,nz_fleet_stats,Stocks,All,12_NZ,National
2014,162295.0,2W,Stocks,ICE_G,Passenger,Annual,Road,nz_fleet_stats,Stocks,All,12_NZ,National
2015,168828.0,2W,Stocks,ICE_G,Passenger,Annual,Road,nz_fleet_stats,Stocks,All,12_NZ,National
2016,174283.0,2W,Stocks,ICE_G,Passenger,Annual,Road,nz_fleet_stats,Stocks,All,12_NZ,National
2017,179799.0,2W,Stocks,ICE_G,Passenger,Annual,Road,nz_fleet_stats,Stocks,All,12_NZ,National
2018,185176.0,2W,Stocks,ICE_G,Passenger,Annual,Road,nz_fleet_stats,Stocks,All,12_NZ,National
2019,189074.0,2W,Stocks,ICE_G,Passenger,Annual,Road,nz_fleet_stats,Stocks,All,12_NZ,National
2020,192635.0,2W,Stocks,ICE_G,Passenger,Annual,Road,nz_fleet_stats,Stocks,All,12_NZ,National
2021,196947.0,2W,Stocks,ICE_G,Passenger,Annual,Road,nz_fleet_stats,Stocks,All,12_NZ,National
2001,6188.0,HT,Stocks,ICE_G,Freight,Annual,Road,nz_fleet_stats,Stocks,All,12_NZ,National
2002,5914.0,HT,Stocks,ICE_G,Freight,Annual,Road,nz_fleet_stats,Stocks,All,12_NZ,National
2003,5614.0,HT,Stocks,ICE_G,Freight,Annual,Road,nz_fleet_stats,Stocks,All,12_NZ,National
2004,5367.0,HT,Stocks,ICE_G,Freight,Annual,Road,nz_fleet_stats,Stocks,All,12_NZ,National
2005,5159.0,HT,Stocks,ICE_G,Freight,Annual,Road,nz_fleet_stats,Stocks,All,12_NZ,National
2006,4853.0,HT,Stocks,ICE_G,Freight,Annual,Road,nz_fleet_stats,Stocks,All,12_NZ,National
2007,4617.0,HT,Stocks,ICE_G,Freight,Annual,Road,nz_fleet_stats,Stocks,All,12_NZ,National
2008,4397.0,HT,Stocks,ICE_G,Freight,Annual,Road,nz_fleet_stats,Stocks,All,12_NZ,National
2009,4178.0,HT,Stocks,ICE_G,Freight,Annual,Road,nz_fleet_stats,Stocks,All,12_NZ,National
2010,3985.0,HT,Stocks,ICE_G,Freight,Annual,Road,nz_fleet_stats,Stocks,All,12_NZ,National
2011,3788.0,HT,Stocks,ICE_G,Freight,Annual,Road,nz_fleet_stats,Stocks,All,12_NZ,National
2012,3612.0,HT,Stocks,ICE_G,Freight,Annual,Road,nz_fleet_stats,Stocks,All,12_NZ,National
2013,3452.0,HT,Stocks,ICE_G,Freight,Annual,Road,nz_fleet_stats,Stocks,All,12_NZ,National
2014,3366.0,HT,Stocks,ICE_G,Freight,Annual,Road,nz_fleet_stats,Stocks,All,12_NZ,National
2015,3295.0,HT,Stocks,ICE_G,Freight,Annual,Road,nz_fleet_stats,Stocks,All,12_NZ,National
2016,3223.0,HT,Stocks,ICE_G,Freight,Annual,Road,nz_fleet_stats,Stocks,All,12_NZ,National
2017,3112.0,HT,Stocks,ICE_G,Freight,Annual,Road,nz_fleet_stats,Stocks,All,12_NZ,National
2018,3037.0,HT,Stocks,ICE_G,Freight,Annual,Road,nz_fleet_stats,Stocks,All,12_NZ,National
2019,2952.0,HT,Stocks,ICE_G,Freight,Annual,Road,nz_fleet_stats,Stocks,All,12_NZ,National
2020,2865.0,HT,Stocks,ICE_G,Freight,Annual,Road,nz_fleet_stats,Stocks,All,12_NZ,National
2021,2812.0,HT,Stocks,ICE_G,Freight,Annual,Road,nz_fleet_stats,Stocks,All,12_NZ,National
2001,93754.0,HT,Stocks,ICE_D,Freight,Annual,Road,nz_fleet_stats,Stocks,All,12_NZ,National
2002,98459.0,HT,Stocks,ICE_D,Freight,Annual,Road,nz_fleet_stats,Stocks,All,12_NZ,National
2003,104668.0,HT,Stocks,ICE_D,Freight,Annual,Road,nz_fleet_stats,Stocks,All,12_NZ,National
2004,112326.0,HT,Stocks,ICE_D,Freight,Annual,Road,nz_fleet_stats,Stocks,All,12_NZ,National
2005,119215.0,HT,Stocks,ICE_D,Freight,Annual,Road,nz_fleet_stats,Stocks,All,12_NZ,National
2006,124571.0,HT,Stocks,ICE_D,Freight,Annual,Road,nz_fleet_stats,Stocks,All,12_NZ,National
2007,129664.0,HT,Stocks,ICE_D,Freight,Annual,Road,nz_fleet_stats,Stocks,All,12_NZ,National
2008,133507.0,HT,Stocks,ICE_D,Freight,Annual,Road,nz_fleet_stats,Stocks,All,12_NZ,National
2009,132868.0,HT,Stocks,ICE_D,Freight,Annual,Road,nz_fleet_stats,Stocks,All,12_NZ,National
2010,132055.0,HT,Stocks,ICE_D,Freight,Annual,Road,nz_fleet_stats,Stocks,All,12_NZ,National
2011,131360.0,HT,Stocks,ICE_D,Freight,Annual,Road,nz_fleet_stats,Stocks,All,12_NZ,National
2012,130725.0,HT,Stocks,ICE_D,Freight,Annual,Road,nz_fleet_stats,Stocks,All,12_NZ,National
2013,132035.0,HT,Stocks,ICE_D,Freight,Annual,Road,nz_fleet_stats,Stocks,All,12_NZ,National
2014,134972.0,HT,Stocks,ICE_D,Freight,Annual,Road,nz_fleet_stats,Stocks,All,12_NZ,National
2015,138599.0,HT,Stocks,ICE_D,Freight,Annual,Road,nz_fleet_stats,Stocks,All,12_NZ,National
2016,141774.0,HT,Stocks,ICE_D,Freight,Annual,Road,nz_fleet_stats,Stocks,All,12_NZ,National
2017,146574.0,HT,Stocks,ICE_D,Freight,Annual,Road,nz_fleet_stats,Stocks,All,12_NZ,National
2018,151254.0,HT,Stocks,ICE_D,Freight,Annual,Road,nz_fleet_stats,Stocks,All,12_NZ,National
2019,155645.0,HT,Stocks,ICE_D,Freight,Annual,Road,nz_fleet_stats,Stocks,All,12_NZ,National
2020,158156.0,HT,Stocks,ICE_D,Freight,Annual,Road,nz_fleet_stats,Stocks,All,12_NZ,National
2021,162889.0,HT,Stocks,ICE_D,Freight,Annual,Road,nz_fleet_stats,Stocks,All,12_NZ,National
2001,334.0,Bus,Stocks,ICE_G,Passenger,Annual,Road,nz_fleet_stats,Stocks,All,12_NZ,National
2002,326.0,Bus,Stocks,ICE_G,Passenger,Annual,Road,nz_fleet_stats,Stocks,All,12_NZ,National
2003,313.0,Bus,Stocks,ICE_G,Passenger,Annual,Road,nz_fleet_stats,Stocks,All,12_NZ,National
2004,298.0,Bus,Stocks,ICE_G,Passenger,Annual,Road,nz_fleet_stats,Stocks,All,12_NZ,National
2005,295.0,Bus,Stocks,ICE_G,Passenger,Annual,Road,nz_fleet_stats,Stocks,All,12_NZ,National
2006,297.0,Bus,Stocks,ICE_G,Passenger,Annual,Road,nz_fleet_stats,Stocks,All,12_NZ,National
2007,284.0,Bus,Stocks,ICE_G,Passenger,Annual,Road,nz_fleet_stats,Stocks,All,12_NZ,National
2008,270.0,Bus,Stocks,ICE_G,Passenger,Annual,Road,nz_fleet_stats,Stocks,All,12_NZ,National
2009,259.0,Bus,Stocks,ICE_G,Passenger,Annual,Road,nz_fleet_stats,Stocks,All,12_NZ,National
2010,249.0,Bus,Stocks,ICE_G,Passenger,Annual,Road,nz_fleet_stats,Stocks,All,12_NZ,National
2011,235.0,Bus,Stocks,ICE_G,Passenger,Annual,Road,nz_fleet_stats,Stocks,All,12_NZ,National
2012,212.0,Bus,Stocks,ICE_G,Passenger,Annual,Road,nz_fleet_stats,Stocks,All,12_NZ,National
2013,199.0,Bus,Stocks,ICE_G,Passenger,Annual,Road,nz_fleet_stats,Stocks,All,12_NZ,National
2014,192.0,Bus,Stocks,ICE_G,Passenger,Annual,Road,nz_fleet_stats,Stocks,All,12_NZ,National
2015,187.0,Bus,Stocks,ICE_G,Passenger,Annual,Road,nz_fleet_stats,Stocks,All,12_NZ,National
2016,184.0,Bus,Stocks,ICE_G,Passenger,Annual,Road,nz_fleet_stats,Stocks,All,12_NZ,National
2017,181.0,Bus,Stocks,ICE_G,Passenger,Annual,Road,nz_fleet_stats,Stocks,All,12_NZ,National
2018,177.0,Bus,Stocks,ICE_G,Passenger,Annual,Road,nz_fleet_stats,Stocks,All,12_NZ,National
2019,170.0,Bus,Stocks,ICE_G,Passenger,Annual,Road,nz_fleet_stats,Stocks,All,12_NZ,National
2020,163.0,Bus,Stocks,ICE_G,Passenger,Annual,Road,nz_fleet_stats,Stocks,All,12_NZ,National
2021,159.0,Bus,Stocks,ICE_G,Passenger,Annual,Road,nz_fleet_stats,Stocks,All,12_NZ,National
2001,4277.0,Bus,Stocks,ICE_D,Passenger,Annual,Road,nz_fleet_stats,Stocks,All,12_NZ,National
2002,4721.0,Bus,Stocks,ICE_D,Passenger,Annual,Road,nz_fleet_stats,Stocks,All,12_NZ,National
2003,5139.0,Bus,Stocks,ICE_D,Passenger,Annual,Road,nz_fleet_stats,Stocks,All,12_NZ,National
2004,5607.0,Bus,Stocks,ICE_D,Passenger,Annual,Road,nz_fleet_stats,Stocks,All,12_NZ,National
2005,5966.0,Bus,Stocks,ICE_D,Passenger,Annual,Road,nz_fleet_stats,Stocks,All,12_NZ,National
2006,6248.0,Bus,Stocks,ICE_D,Passenger,Annual,Road,nz_fleet_stats,Stocks,All,12_NZ,National
2007,6780.0,Bus,Stocks,ICE_D,Passenger,Annual,Road,nz_fleet_stats,Stocks,All,12_NZ,National
2008,7372.0,Bus,Stocks,ICE_D,Passenger,Annual,Road,nz_fleet_stats,Stocks,All,12_NZ,National
2009,7725.0,Bus,Stocks,ICE_D,Passenger,Annual,Road,nz_fleet_stats,Stocks,All,12_NZ,National
2010,7900.0,Bus,Stocks,ICE_D,Passenger,Annual,Road,nz_fleet_stats,Stocks,All,12_NZ,National
2011,8103.0,Bus,Stocks,ICE_D,Passenger,Annual,Road,nz_fleet_stats,Stocks,All,12_NZ,National
2012,8262.0,Bus,Stocks,ICE_D,Passenger,Annual,Road,nz_fleet_stats,Stocks,All,12_NZ,National
2013,8474.0,Bus,Stocks,ICE_D,Passenger,Annual,Road,nz_fleet_stats,Stocks,All,12_NZ,National
2014,8657.0,Bus,Stocks,ICE_D,Passenger,Annual,Road,nz_fleet_stats,Stocks,All,12_NZ,National
2015,8890.0,Bus,Stocks,ICE_D,Passenger,Annual,Road,nz_fleet_stats,Stocks,All,12_NZ,National
2016,9457.0,Bus,Stocks,ICE_D,Passenger,Annual,Road,nz_fleet_stats,Stocks,All,12_NZ,National
2017,10004.0,Bus,Stocks,ICE_D,Passenger,Annual,Road,nz_fleet_stats,Stocks,All,12_NZ,National
2018,10762.0,Bus,Stocks,ICE_D,Passenger,Annual,Road,nz_fleet_stats,Stocks,All,12_NZ,National
2019,11042.0,Bus,Stocks,ICE_D,Passenger,Annual,Road,nz_fleet_stats,Stocks,All,12_NZ,National
2020,11120.0,Bus,Stocks,ICE_D,Passenger,Annual,Road,nz_fleet_stats,Stocks,All,12_NZ,National
2021,11250.0,Bus,Stocks,ICE_D,Passenger,Annual,Road,nz_fleet_stats,Stocks,All,12_NZ,National
2001,70.0,Bus,Stocks,BEV,Passenger,Annual,Road,nz_fleet_stats,Stocks,All,12_NZ,National
2002,70.0,Bus,Stocks,BEV,Passenger,Annual,Road,nz_fleet_stats,Stocks,All,12_NZ,National
2003,69.0,Bus,Stocks,BEV,Passenger,Annual,Road,nz_fleet_stats,Stocks,All,12_NZ,National
2004,73.0,Bus,Stocks,BEV,Passenger,Annual,Road,nz_fleet_stats,Stocks,All,12_NZ,National
2005,73.0,Bus,Stocks,BEV,Passenger,Annual,Road,nz_fleet_stats,Stocks,All,12_NZ,National
2006,75.0,Bus,Stocks,BEV,Passenger,Annual,Road,nz_fleet_stats,Stocks,All,12_NZ,National
2007,74.0,Bus,Stocks,BEV,Passenger,Annual,Road,nz_fleet_stats,Stocks,All,12_NZ,National
2008,73.0,Bus,Stocks,BEV,Passenger,Annual,Road,nz_fleet_stats,Stocks,All,12_NZ,National
2009,77.0,Bus,Stocks,BEV,Passenger,Annual,Road,nz_fleet_stats,Stocks,All,12_NZ,National
2010,77.0,Bus,Stocks,BEV,Passenger,Annual,Road,nz_fleet_stats,Stocks,All,12_NZ,National
2011,77.0,Bus,Stocks,BEV,Passenger,Annual,Road,nz_fleet_stats,Stocks,All,12_NZ,National
2012,76.0,Bus,Stocks,BEV,Passenger,Annual,Road,nz_fleet_stats,Stocks,All,12_NZ,National
2013,73.0,Bus,Stocks,BEV,Passenger,Annual,Road,nz_fleet_stats,Stocks,All,12_NZ,National
2014,73.0,Bus,Stocks,BEV,Passenger,Annual,Road,nz_fleet_stats,Stocks,All,12_NZ,National
2015,73.0,Bus,Stocks,BEV,Passenger,Annual,Road,nz_fleet_stats,Stocks,All,12_NZ,National
2016,72.0,Bus,Stocks,BEV,Passenger,Annual,Road,nz_fleet_stats,Stocks,All,12_NZ,National
2017,72.0,Bus,Stocks,BEV,Passenger,Annual,Road,nz_fleet_stats,Stocks,All,12_NZ,National
2018,73.0,Bus,Stocks,BEV,Passenger,Annual,Road,nz_fleet_stats,Stocks,All,12_NZ,National
2019,92.0,Bus,Stocks,BEV,Passenger,Annual,Road,nz_fleet_stats,Stocks,All,12_NZ,National
2020,104.0,Bus,Stocks,BEV,Passenger,Annual,Road,nz_fleet_stats,Stocks,All,12_NZ,National
2021,98.0,Bus,Stocks,BEV,Passenger,Annual,Road,nz_fleet_stats,Stocks,All,12_NZ,National
2000,0.0,LPV,Mileage,All,Passenger,Annual,Road,nz_fleet_stats,Km_per_stock,All,12_NZ,National
2001,13010.891727524138,LPV,Mileage,All,Passenger,Annual,Road,nz_fleet_stats,Km_per_stock,All,12_NZ,National
2002,12998.719435882293,LPV,Mileage,All,Passenger,Annual,Road,nz_fleet_stats,Km_per_stock,All,12_NZ,National
2003,12838.108874229909,LPV,Mileage,All,Passenger,Annual,Road,nz_fleet_stats,Km_per_stock,All,12_NZ,National
2004,12663.498549926482,LPV,Mileage,All,Passenger,Annual,Road,nz_fleet_stats,Km_per_stock,All,12_NZ,National
2005,12303.470710082689,LPV,Mileage,All,Passenger,Annual,Road,nz_fleet_stats,Km_per_stock,All,12_NZ,National
2006,11983.100411291227,LPV,Mileage,All,Passenger,Annual,Road,nz_fleet_stats,Km_per_stock,All,12_NZ,National
2007,11904.510088037321,LPV,Mileage,All,Passenger,Annual,Road,nz_fleet_stats,Km_per_stock,All,12_NZ,National
2008,11586.36278781191,LPV,Mileage,All,Passenger,Annual,Road,nz_fleet_stats,Km_per_stock,All,12_NZ,National
2009,11654.044862216806,LPV,Mileage,All,Passenger,Annual,Road,nz_fleet_stats,Km_per_stock,All,12_NZ,National
2010,11540.51061842597,LPV,Mileage,All,Passenger,Annual,Road,nz_fleet_stats,Km_per_stock,All,12_NZ,National
2011,11392.136499764329,LPV,Mileage,All,Passenger,Annual,Road,nz_fleet_stats,Km_per_stock,All,12_NZ,National
2012,11222.153976821393,LPV,Mileage,All,Passenger,Annual,Road,nz_fleet_stats,Km_per_stock,All,12_NZ,National
2013,11091.300503894052,LPV,Mileage,All,Passenger,Annual,Road,nz_fleet_stats,Km_per_stock,All,12_NZ,National
2014,10941.410190583301,LPV,Mileage,All,Passenger,Annual,Road,nz_fleet_stats,Km_per_stock,All,12_NZ,National
2015,10932.074273935801,LPV,Mileage,All,Passenger,Annual,Road,nz_fleet_stats,Km_per_stock,All,12_NZ,National
2016,10966.858486488583,LPV,Mileage,All,Passenger,Annual,Road,nz_fleet_stats,Km_per_stock,All,12_NZ,National
2017,10846.12284166763,LPV,Mileage,All,Passenger,Annual,Road,nz_fleet_stats,Km_per_stock,All,12_NZ,National
2018,10750.49211752634,LPV,Mileage,All,Passenger,Annual,Road,nz_fleet_stats,Km_per_stock,All,12_NZ,National
2019,10350.33092363561,LPV,Mileage,All,Passenger,Annual,Road,nz_fleet_stats,Km_per_stock,All,12_NZ,National
2020,9800.239302352255,LPV,Mileage,All,Passenger,Annual,Road,nz_fleet_stats,Km_per_stock,All,12_NZ,National
2021,9779.457593640542,LPV,Mileage,All,Passenger,Annual,Road,nz_fleet_stats,Km_per_stock,All,12_NZ,National
2000,0.0,LCV,Mileage,All,Freight,Annual,Road,nz_fleet_stats,Km_per_stock,All,12_NZ,National
2001,14815.059209857072,LCV,Mileage,All,Freight,Annual,Road,nz_fleet_stats,Km_per_stock,All,12_NZ,National
2002,14852.614169457589,LCV,Mileage,All,Freight,Annual,Road,nz_fleet_stats,Km_per_stock,All,12_NZ,National
2003,14814.140506422926,LCV,Mileage,All,Freight,Annual,Road,nz_fleet_stats,Km_per_stock,All,12_NZ,National
2004,14786.101207807813,LCV,Mileage,All,Freight,Annual,Road,nz_fleet_stats,Km_per_stock,All,12_NZ,National
2005,14571.791001489844,LCV,Mileage,All,Freight,Annual,Road,nz_fleet_stats,Km_per_stock,All,12_NZ,National
2006,14460.335534836053,LCV,Mileage,All,Freight,Annual,Road,nz_fleet_stats,Km_per_stock,All,12_NZ,National
2007,14493.4406104003,LCV,Mileage,All,Freight,Annual,Road,nz_fleet_stats,Km_per_stock,All,12_NZ,National
2008,14483.363375689745,LCV,Mileage,All,Freight,Annual,Road,nz_fleet_stats,Km_per_stock,All,12_NZ,National
2009,14490.213368682638,LCV,Mileage,All,Freight,Annual,Road,nz_fleet_stats,Km_per_stock,All,12_NZ,National
2010,14505.562829012788,LCV,Mileage,All,Freight,Annual,Road,nz_fleet_stats,Km_per_stock,All,12_NZ,National
2011,14489.283511268428,LCV,Mileage,All,Freight,Annual,Road,nz_fleet_stats,Km_per_stock,All,12_NZ,National
2012,14396.854456379026,LCV,Mileage,All,Freight,Annual,Road,nz_fleet_stats,Km_per_stock,All,12_NZ,National
2013,14349.978819018437,LCV,Mileage,All,Freight,Annual,Road,nz_fleet_stats,Km_per_stock,All,12_NZ,National
2014,14316.167720826725,LCV,Mileage,All,Freight,Annual,Road,nz_fleet_stats,Km_per_stock,All,12_NZ,National
2015,14370.556599860685,LCV,Mileage,All,Freight,Annual,Road,nz_fleet_stats,Km_per_stock,All,12_NZ,National
2016,14452.635698845528,LCV,Mileage,All,Freight,Annual,Road,nz_fleet_stats,Km_per_stock,All,12_NZ,National
2017,14424.761485908599,LCV,Mileage,All,Freight,Annual,Road,nz_fleet_stats,Km_per_stock,All,12_NZ,National
2018,14404.064440436401,LCV,Mileage,All,Freight,Annual,Road,nz_fleet_stats,Km_per_stock,All,12_NZ,National
2019,14117.900473289583,LCV,Mileage,All,Freight,Annual,Road,nz_fleet_stats,Km_per_stock,All,12_NZ,National
2020,13721.115449523677,LCV,Mileage,All,Freight,Annual,Road,nz_fleet_stats,Km_per_stock,All,12_NZ,National
2021,13825.807074722448,LCV,Mileage,All,Freight,Annual,Road,nz_fleet_stats,Km_per_stock,All,12_NZ,National
2000,0.0,HT,Mileage,All,Freight,Annual,Road,nz_fleet_stats,Km_per_stock,All,12_NZ,National
2001,22334.117946834023,HT,Mileage,All,Freight,Annual,Road,nz_fleet_stats,Km_per_stock,All,12_NZ,National
2002,22397.38038420365,HT,Mileage,All,Freight,Annual,Road,nz_fleet_stats,Km_per_stock,All,12_NZ,National
2003,22068.07928050023,HT,Mileage,All,Freight,Annual,Road,nz_fleet_stats,Km_per_stock,All,12_NZ,National
2004,22044.684952978056,HT,Mileage,All,Freight,Annual,Road,nz_fleet_stats,Km_per_stock,All,12_NZ,National
2005,21506.583689019306,HT,Mileage,All,Freight,Annual,Road,nz_fleet_stats,Km_per_stock,All,12_NZ,National
2006,20993.394022236862,HT,Mileage,All,Freight,Annual,Road,nz_fleet_stats,Km_per_stock,All,12_NZ,National
2007,20823.323589413427,HT,Mileage,All,Freight,Annual,Road,nz_fleet_stats,Km_per_stock,All,12_NZ,National
2008,20362.479204520358,HT,Mileage,All,Freight,Annual,Road,nz_fleet_stats,Km_per_stock,All,12_NZ,National
2009,19429.25113055213,HT,Mileage,All,Freight,Annual,Road,nz_fleet_stats,Km_per_stock,All,12_NZ,National
2010,19620.001770425755,HT,Mileage,All,Freight,Annual,Road,nz_fleet_stats,Km_per_stock,All,12_NZ,National
2011,19859.88802954085,HT,Mileage,All,Freight,Annual,Road,nz_fleet_stats,Km_per_stock,All,12_NZ,National
2012,19767.52075418557,HT,Mileage,All,Freight,Annual,Road,nz_fleet_stats,Km_per_stock,All,12_NZ,National
2013,19903.252640056726,HT,Mileage,All,Freight,Annual,Road,nz_fleet_stats,Km_per_stock,All,12_NZ,National
2014,20064.73861779162,HT,Mileage,All,Freight,Annual,Road,nz_fleet_stats,Km_per_stock,All,12_NZ,National
2015,19964.55734167032,HT,Mileage,All,Freight,Annual,Road,nz_fleet_stats,Km_per_stock,All,12_NZ,National
2016,20034.62421206712,HT,Mileage,All,Freight,Annual,Road,nz_fleet_stats,Km_per_stock,All,12_NZ,National
2017,20355.677753122774,HT,Mileage,All,Freight,Annual,Road,nz_fleet_stats,Km_per_stock,All,12_NZ,National
2018,20338.2932291108,HT,Mileage,All,Freight,Annual,Road,nz_fleet_stats,Km_per_stock,All,12_NZ,National
2019,19912.566358932872,HT,Mileage,All,Freight,Annual,Road,nz_fleet_stats,Km_per_stock,All,12_NZ,National
2020,19287.84856156943,HT,Mileage,All,Freight,Annual,Road,nz_fleet_stats,Km_per_stock,All,12_NZ,National
2021,19710.50289620134,HT,Mileage,All,Freight,Annual,Road,nz_fleet_stats,Km_per_stock,All,12_NZ,National
2000,0.0,Bus,Mileage,All,Passenger,Annual,Road,nz_fleet_stats,Km_per_stock,All,12_NZ,National
2001,30064.284447246744,Bus,Mileage,All,Passenger,Annual,Road,nz_fleet_stats,Km_per_stock,All,12_NZ,National
2002,29550.878427575528,Bus,Mileage,All,Passenger,Annual,Road,nz_fleet_stats,Km_per_stock,All,12_NZ,National
2003,29327.974472307415,Bus,Mileage,All,Passenger,Annual,Road,nz_fleet_stats,Km_per_stock,All,12_NZ,National
2004,30160.137704918037,Bus,Mileage,All,Passenger,Annual,Road,nz_fleet_stats,Km_per_stock,All,12_NZ,National
2005,30629.399825921824,Bus,Mileage,All,Passenger,Annual,Road,nz_fleet_stats,Km_per_stock,All,12_NZ,National
2006,30612.79940729483,Bus,Mileage,All,Passenger,Annual,Road,nz_fleet_stats,Km_per_stock,All,12_NZ,National
2007,29689.422736304285,Bus,Mileage,All,Passenger,Annual,Road,nz_fleet_stats,Km_per_stock,All,12_NZ,National
2008,28659.051721387743,Bus,Mileage,All,Passenger,Annual,Road,nz_fleet_stats,Km_per_stock,All,12_NZ,National
2009,28101.908274201724,Bus,Mileage,All,Passenger,Annual,Road,nz_fleet_stats,Km_per_stock,All,12_NZ,National
2010,28561.761458981702,Bus,Mileage,All,Passenger,Annual,Road,nz_fleet_stats,Km_per_stock,All,12_NZ,National
2011,27784.64286942636,Bus,Mileage,All,Passenger,Annual,Road,nz_fleet_stats,Km_per_stock,All,12_NZ,National
2012,28121.668888351276,Bus,Mileage,All,Passenger,Annual,Road,nz_fleet_stats,Km_per_stock,All,12_NZ,National
2013,28062.907685989205,Bus,Mileage,All,Passenger,Annual,Road,nz_fleet_stats,Km_per_stock,All,12_NZ,National
2014,28421.624551172095,Bus,Mileage,All,Passenger,Annual,Road,nz_fleet_stats,Km_per_stock,All,12_NZ,National
2015,28510.23776886214,Bus,Mileage,All,Passenger,Annual,Road,nz_fleet_stats,Km_per_stock,All,12_NZ,National
2016,27967.056309970794,Bus,Mileage,All,Passenger,Annual,Road,nz_fleet_stats,Km_per_stock,All,12_NZ,National
2017,28331.917776897953,Bus,Mileage,All,Passenger,Annual,Road,nz_fleet_stats,Km_per_stock,All,12_NZ,National
2018,27881.793063849334,Bus,Mileage,All,Passenger,Annual,Road,nz_fleet_stats,Km_per_stock,All,12_NZ,National
2019,28133.341278235923,Bus,Mileage,All,Passenger,Annual,Road,nz_fleet_stats,Km_per_stock,All,12_NZ,National
2020,24469.958150526127,Bus,Mileage,All,Passenger,Annual,Road,nz_fleet_stats,Km_per_stock,All,12_NZ,National
2021,23234.711680686996,Bus,Mileage,All,Passenger,Annual,Road,nz_fleet_stats,Km_per_stock,All,12_NZ,National
2000,0.0,2W,Mileage,All,Passenger,Annual,Road,nz_fleet_stats,Km_per_stock,All,12_NZ,National
2001,2943.119792930825,2W,Mileage,All,Passenger,Annual,Road,nz_fleet_stats,Km_per_stock,All,12_NZ,National
2002,2868.4160056551827,2W,Mileage,All,Passenger,Annual,Road,nz_fleet_stats,Km_per_stock,All,12_NZ,National
2003,2800.28932006276,2W,Mileage,All,Passenger,Annual,Road,nz_fleet_stats,Km_per_stock,All,12_NZ,National
2004,2716.3389836073,2W,Mileage,All,Passenger,Annual,Road,nz_fleet_stats,Km_per_stock,All,12_NZ,National
2005,2787.8537789292945,2W,Mileage,All,Passenger,Annual,Road,nz_fleet_stats,Km_per_stock,All,12_NZ,National
2006,2909.855287009063,2W,Mileage,All,Passenger,Annual,Road,nz_fleet_stats,Km_per_stock,All,12_NZ,National
2007,2845.2667613921303,2W,Mileage,All,Passenger,Annual,Road,nz_fleet_stats,Km_per_stock,All,12_NZ,National
2008,2842.0373416109996,2W,Mileage,All,Passenger,Annual,Road,nz_fleet_stats,Km_per_stock,All,12_NZ,National
2009,2852.746697267601,2W,Mileage,All,Passenger,Annual,Road,nz_fleet_stats,Km_per_stock,All,12_NZ,National
2010,2791.1634137468614,2W,Mileage,All,Passenger,Annual,Road,nz_fleet_stats,Km_per_stock,All,12_NZ,National
2011,2698.9188566922644,2W,Mileage,All,Passenger,Annual,Road,nz_fleet_stats,Km_per_stock,All,12_NZ,National
2012,2638.160356637655,2W,Mileage,All,Passenger,Annual,Road,nz_fleet_stats,Km_per_stock,All,12_NZ,National
2013,2621.167420336204,2W,Mileage,All,Passenger,Annual,Road,nz_fleet_stats,Km_per_stock,All,12_NZ,National
2014,2561.482603802719,2W,Mileage,All,Passenger,Annual,Road,nz_fleet_stats,Km_per_stock,All,12_NZ,National
2015,2526.0035420041727,2W,Mileage,All,Passenger,Annual,Road,nz_fleet_stats,Km_per_stock,All,12_NZ,National
2016,2522.2400197399684,2W,Mileage,All,Passenger,Annual,Road,nz_fleet_stats,Km_per_stock,All,12_NZ,National
2017,2460.8291062993744,2W,Mileage,All,Passenger,Annual,Road,nz_fleet_stats,Km_per_stock,All,12_NZ,National
2018,2459.6806394528408,2W,Mileage,All,Passenger,Annual,Road,nz_fleet_stats,Km_per_stock,All,12_NZ,National
2019,2407.570242145839,2W,Mileage,All,Passenger,Annual,Road,nz_fleet_stats,Km_per_stock,All,12_NZ,National
2020,2264.747961884877,2W,Mileage,All,Passenger,Annual,Road,nz_fleet_stats,Km_per_stock,All,12_NZ,National
2021,2127.721746488667,2W,Mileage,All,Passenger,Annual,Road,nz_fleet_stats,Km_per_stock,All,12_NZ,National
2000,,LPV,Travel_KM,All,Passenger,Annual,Road,nz_fleet_stats,Km,All,12_NZ,National
2001,28.806803862,LPV,Travel_KM,All,Passenger,Annual,Road,nz_fleet_stats,Km,All,12_NZ,National
2002,29.802333034,LPV,Travel_KM,All,Passenger,Annual,Road,nz_fleet_stats,Km,All,12_NZ,National
2003,30.753664132,LPV,Travel_KM,All,Passenger,Annual,Road,nz_fleet_stats,Km,All,12_NZ,National
2004,31.547978753,LPV,Travel_KM,All,Passenger,Annual,Road,nz_fleet_stats,Km,All,12_NZ,National
2005,31.729728201,LPV,Travel_KM,All,Passenger,Annual,Road,nz_fleet_stats,Km,All,12_NZ,National
2006,31.538981043,LPV,Travel_KM,All,Passenger,Annual,Road,nz_fleet_stats,Km,All,12_NZ,National
2007,31.900027598,LPV,Travel_KM,All,Passenger,Annual,Road,nz_fleet_stats,Km,All,12_NZ,National
2008,31.204994751,LPV,Travel_KM,All,Passenger,Annual,Road,nz_fleet_stats,Km,All,12_NZ,National
2009,31.292136011,LPV,Travel_KM,All,Passenger,Annual,Road,nz_fleet_stats,Km,All,12_NZ,National
2010,31.224317123,LPV,Travel_KM,All,Passenger,Annual,Road,nz_fleet_stats,Km,All,12_NZ,National
2011,30.743548655,LPV,Travel_KM,All,Passenger,Annual,Road,nz_fleet_stats,Km,All,12_NZ,National
2012,30.713172557,LPV,Travel_KM,All,Passenger,Annual,Road,nz_fleet_stats,Km,All,12_NZ,National
2013,31.00053983,LPV,Travel_KM,All,Passenger,Annual,Road,nz_fleet_stats,Km,All,12_NZ,National
2014,31.559491085,LPV,Travel_KM,All,Passenger,Annual,Road,nz_fleet_stats,Km,All,12_NZ,National
2015,32.569732107,LPV,Travel_KM,All,Passenger,Annual,Road,nz_fleet_stats,Km,All,12_NZ,National
2016,33.899546599,LPV,Travel_KM,All,Passenger,Annual,Road,nz_fleet_stats,Km,All,12_NZ,National
2017,34.723103049,LPV,Travel_KM,All,Passenger,Annual,Road,nz_fleet_stats,Km,All,12_NZ,National
2018,35.234318646,LPV,Travel_KM,All,Passenger,Annual,Road,nz_fleet_stats,Km,All,12_NZ,National
2019,34.564133144,LPV,Travel_KM,All,Passenger,Annual,Road,nz_fleet_stats,Km,All,12_NZ,National
2020,32.98139214,LPV,Travel_KM,All,Passenger,Annual,Road,nz_fleet_stats,Km,All,12_NZ,National
2021,33.479356966,LPV,Travel_KM,All,Passenger,Annual,Road,nz_fleet_stats,Km,All,12_NZ,National
2000,,LCV,Travel_KM,All,Freight,Annual,Road,nz_fleet_stats,Km,All,12_NZ,National
2001,5.1847077512,LCV,Travel_KM,All,Freight,Annual,Road,nz_fleet_stats,Km,All,12_NZ,National
2002,5.2818420931,LCV,Travel_KM,All,Freight,Annual,Road,nz_fleet_stats,Km,All,12_NZ,National
2003,5.3970876693,LCV,Travel_KM,All,Freight,Annual,Road,nz_fleet_stats,Km,All,12_NZ,National
2004,5.5615849639,LCV,Travel_KM,All,Freight,Annual,Road,nz_fleet_stats,Km,All,12_NZ,National
2005,5.6630497087,LCV,Travel_KM,All,Freight,Annual,Road,nz_fleet_stats,Km,All,12_NZ,National
2006,5.7569777038,LCV,Travel_KM,All,Freight,Annual,Road,nz_fleet_stats,Km,All,12_NZ,National
2007,5.9346146333,LCV,Travel_KM,All,Freight,Annual,Road,nz_fleet_stats,Km,All,12_NZ,National
2008,6.0238480784,LCV,Travel_KM,All,Freight,Annual,Road,nz_fleet_stats,Km,All,12_NZ,National
2009,6.0175537686,LCV,Travel_KM,All,Freight,Annual,Road,nz_fleet_stats,Km,All,12_NZ,National
2010,6.05385313,LCV,Travel_KM,All,Freight,Annual,Road,nz_fleet_stats,Km,All,12_NZ,National
2011,6.0787615579,LCV,Travel_KM,All,Freight,Annual,Road,nz_fleet_stats,Km,All,12_NZ,National
2012,6.1843703877,LCV,Travel_KM,All,Freight,Annual,Road,nz_fleet_stats,Km,All,12_NZ,National
2013,6.4445898376,LCV,Travel_KM,All,Freight,Annual,Road,nz_fleet_stats,Km,All,12_NZ,National
2014,6.8061638255,LCV,Travel_KM,All,Freight,Annual,Road,nz_fleet_stats,Km,All,12_NZ,National
2015,7.241280359,LCV,Travel_KM,All,Freight,Annual,Road,nz_fleet_stats,Km,All,12_NZ,National
2016,7.8092504577,LCV,Travel_KM,All,Freight,Annual,Road,nz_fleet_stats,Km,All,12_NZ,National
2017,8.3991058704,LCV,Travel_KM,All,Freight,Annual,Road,nz_fleet_stats,Km,All,12_NZ,National
2018,8.968503471,LCV,Travel_KM,All,Freight,Annual,Road,nz_fleet_stats,Km,All,12_NZ,National
2019,9.2977951295,LCV,Travel_KM,All,Freight,Annual,Road,nz_fleet_stats,Km,All,12_NZ,National
2020,9.3793154456,LCV,Travel_KM,All,Freight,Annual,Road,nz_fleet_stats,Km,All,12_NZ,National
2021,9.8705478384,LCV,Travel_KM,All,Freight,Annual,Road,nz_fleet_stats,Km,All,12_NZ,National
2000,,HT,Travel_KM,All,Freight,Annual,Road,nz_fleet_stats,Km,All,12_NZ,National
2001,2.1886318882,HT,Travel_KM,All,Freight,Annual,Road,nz_fleet_stats,Km,All,12_NZ,National
2002,2.2805236681,HT,Travel_KM,All,Freight,Annual,Road,nz_fleet_stats,Km,All,12_NZ,National
2003,2.3610858703,HT,Travel_KM,All,Freight,Annual,Road,nz_fleet_stats,Km,All,12_NZ,National
2004,2.5105148565,HT,Travel_KM,All,Freight,Annual,Road,nz_fleet_stats,Km,All,12_NZ,National
2005,2.579843753,HT,Travel_KM,All,Freight,Annual,Road,nz_fleet_stats,Km,All,12_NZ,National
2006,2.6132157011,HT,Travel_KM,All,Freight,Annual,Road,nz_fleet_stats,Km,All,12_NZ,National
2007,2.6845012305,HT,Travel_KM,All,Freight,Annual,Road,nz_fleet_stats,Km,All,12_NZ,National
2008,2.6739396817,HT,Travel_KM,All,Freight,Annual,Road,nz_fleet_stats,Km,All,12_NZ,National
2009,2.5340212202,HT,Travel_KM,All,Freight,Annual,Road,nz_fleet_stats,Km,All,12_NZ,National
2010,2.5322555285,HT,Travel_KM,All,Freight,Annual,Road,nz_fleet_stats,Km,All,12_NZ,National
2011,2.5385504676,HT,Travel_KM,All,Freight,Annual,Road,nz_fleet_stats,Km,All,12_NZ,National
2012,2.5266845028,HT,Travel_KM,All,Freight,Annual,Road,nz_fleet_stats,Km,All,12_NZ,National
2013,2.5824669333,HT,Travel_KM,All,Freight,Annual,Road,nz_fleet_stats,Km,All,12_NZ,National
2014,2.6739273919,HT,Travel_KM,All,Freight,Annual,Road,nz_fleet_stats,Km,All,12_NZ,National
2015,2.7299535709,HT,Travel_KM,All,Freight,Annual,Road,nz_fleet_stats,Km,All,12_NZ,National
2016,2.8058491209,HT,Travel_KM,All,Freight,Annual,Road,nz_fleet_stats,Km,All,12_NZ,National
2017,2.9447134108,HT,Travel_KM,All,Freight,Annual,Road,nz_fleet_stats,Km,All,12_NZ,National
2018,3.0338225244,HT,Travel_KM,All,Freight,Annual,Road,nz_fleet_stats,Km,All,12_NZ,National
2019,3.0520189584,HT,Travel_KM,All,Freight,Annual,Road,nz_fleet_stats,Km,All,12_NZ,National
2020,3.0183554214,HT,Travel_KM,All,Freight,Annual,Road,nz_fleet_stats,Km,All,12_NZ,National
2021,3.1734698083,HT,Travel_KM,All,Freight,Annual,Road,nz_fleet_stats,Km,All,12_NZ,National
2000,,Bus,Travel_KM,All,Passenger,Annual,Road,nz_fleet_stats,Km,All,12_NZ,National
2001,0.1430458654,Bus,Travel_KM,All,Passenger,Annual,Road,nz_fleet_stats,Km,All,12_NZ,National
2002,0.1526007362,Bus,Travel_KM,All,Passenger,Annual,Road,nz_fleet_stats,Km,All,12_NZ,National
2003,0.1625649625,Bus,Travel_KM,All,Passenger,Annual,Road,nz_fleet_stats,Km,All,12_NZ,National
2004,0.1802973032,Bus,Travel_KM,All,Passenger,Annual,Road,nz_fleet_stats,Km,All,12_NZ,National
2005,0.1935471775,Bus,Travel_KM,All,Passenger,Annual,Road,nz_fleet_stats,Km,All,12_NZ,National
2006,0.2014322201,Bus,Travel_KM,All,Passenger,Annual,Road,nz_fleet_stats,Km,All,12_NZ,National
2007,0.2091916726,Bus,Travel_KM,All,Passenger,Annual,Road,nz_fleet_stats,Km,All,12_NZ,National
2008,0.2156020461,Bus,Travel_KM,All,Passenger,Annual,Road,nz_fleet_stats,Km,All,12_NZ,National
2009,0.2217802601,Bus,Travel_KM,All,Passenger,Annual,Road,nz_fleet_stats,Km,All,12_NZ,National
2010,0.2294366298,Bus,Travel_KM,All,Passenger,Annual,Road,nz_fleet_stats,Km,All,12_NZ,National
2011,0.2261947776,Bus,Travel_KM,All,Passenger,Annual,Road,nz_fleet_stats,Km,All,12_NZ,National
2012,0.2324818367,Bus,Travel_KM,All,Passenger,Annual,Road,nz_fleet_stats,Km,All,12_NZ,National
2013,0.2391520993,Bus,Travel_KM,All,Passenger,Annual,Road,nz_fleet_stats,Km,All,12_NZ,National
2014,0.2485471067,Bus,Travel_KM,All,Passenger,Annual,Road,nz_fleet_stats,Km,All,12_NZ,National
2015,0.2558223635,Bus,Travel_KM,All,Passenger,Annual,Road,nz_fleet_stats,Km,All,12_NZ,National
2016,0.2681481359,Bus,Travel_KM,All,Passenger,Annual,Road,nz_fleet_stats,Km,All,12_NZ,National
2017,0.2862373653,Bus,Travel_KM,All,Passenger,Annual,Road,nz_fleet_stats,Km,All,12_NZ,National
2018,0.3034933175,Bus,Travel_KM,All,Passenger,Annual,Road,nz_fleet_stats,Km,All,12_NZ,National
2019,0.3138555553,Bus,Travel_KM,All,Passenger,Annual,Road,nz_fleet_stats,Km,All,12_NZ,National
2020,0.2744061107,Bus,Travel_KM,All,Passenger,Annual,Road,nz_fleet_stats,Km,All,12_NZ,National
2021,0.2651545297,Bus,Travel_KM,All,Passenger,Annual,Road,nz_fleet_stats,Km,All,12_NZ,National
2000,,2W,Travel_KM,All,Passenger,Annual,Road,nz_fleet_stats,Km,All,12_NZ,National
2001,0.2328125481,2W,Travel_KM,All,Passenger,Annual,Road,nz_fleet_stats,Km,All,12_NZ,National
2002,0.2312918562,2W,Travel_KM,All,Passenger,Annual,Road,nz_fleet_stats,Km,All,12_NZ,National
2003,0.2338045562,2W,Travel_KM,All,Passenger,Annual,Road,nz_fleet_stats,Km,All,12_NZ,National
2004,0.2399396551,2W,Travel_KM,All,Passenger,Annual,Road,nz_fleet_stats,Km,All,12_NZ,National
2005,0.2711550221,2W,Travel_KM,All,Passenger,Annual,Road,nz_fleet_stats,Km,All,12_NZ,National
2006,0.3139908446,2W,Travel_KM,All,Passenger,Annual,Road,nz_fleet_stats,Km,All,12_NZ,National
2007,0.3404190964,2W,Travel_KM,All,Passenger,Annual,Road,nz_fleet_stats,Km,All,12_NZ,National
2008,0.3795029303,2W,Travel_KM,All,Passenger,Annual,Road,nz_fleet_stats,Km,All,12_NZ,National
2009,0.3946489781,2W,Travel_KM,All,Passenger,Annual,Road,nz_fleet_stats,Km,All,12_NZ,National
2010,0.3912987813,2W,Travel_KM,All,Passenger,Annual,Road,nz_fleet_stats,Km,All,12_NZ,National
2011,0.3799187107,2W,Travel_KM,All,Passenger,Annual,Road,nz_fleet_stats,Km,All,12_NZ,National
2012,0.3785944783,2W,Travel_KM,All,Passenger,Annual,Road,nz_fleet_stats,Km,All,12_NZ,National
2013,0.3868554784,2W,Travel_KM,All,Passenger,Annual,Road,nz_fleet_stats,Km,All,12_NZ,National
2014,0.3914918782,2W,Travel_KM,All,Passenger,Annual,Road,nz_fleet_stats,Km,All,12_NZ,National
2015,0.4007226759,2W,Travel_KM,All,Passenger,Annual,Road,nz_fleet_stats,Km,All,12_NZ,National
2016,0.4139853434,2W,Travel_KM,All,Passenger,Annual,Road,nz_fleet_stats,Km,All,12_NZ,National
2017,0.4183434089,2W,Travel_KM,All,Passenger,Annual,Road,nz_fleet_stats,Km,All,12_NZ,National
2018,0.4322741143,2W,Travel_KM,All,Passenger,Annual,Road,nz_fleet_stats,Km,All,12_NZ,National
2019,0.436581565,2W,Travel_KM,All,Passenger,Annual,Road,nz_fleet_stats,Km,All,12_NZ,National
2020,0.4251996356,2W,Travel_KM,All,Passenger,Annual,Road,nz_fleet_stats,Km,All,12_NZ,National
2021,0.4161419469,2W,Travel_KM,All,Passenger,Annual,Road,nz_fleet_stats,Km,All,12_NZ,National
2000,11.721545933,LPV,Average_Age,All,Passenger,Annual,Road,nz_fleet_stats,Age,All,12_NZ,National
2001,11.872121822,LPV,Average_Age,All,Passenger,Annual,Road,nz_fleet_stats,Age,All,12_NZ,National
2002,11.966080762,LPV,Average_Age,All,Passenger,Annual,Road,nz_fleet_stats,Age,All,12_NZ,National
2003,12.019643592,LPV,Average_Age,All,Passenger,Annual,Road,nz_fleet_stats,Age,All,12_NZ,National
2004,12.102468599,LPV,Average_Age,All,Passenger,Annual,Road,nz_fleet_stats,Age,All,12_NZ,National
2005,12.221152481,LPV,Average_Age,All,Passenger,Annual,Road,nz_fleet_stats,Age,All,12_NZ,National
2006,12.410351136,LPV,Average_Age,All,Passenger,Annual,Road,nz_fleet_stats,Age,All,12_NZ,National
2007,12.600057219,LPV,Average_Age,All,Passenger,Annual,Road,nz_fleet_stats,Age,All,12_NZ,National
2008,12.852820069,LPV,Average_Age,All,Passenger,Annual,Road,nz_fleet_stats,Age,All,12_NZ,National
2009,13.242142837,LPV,Average_Age,All,Passenger,Annual,Road,nz_fleet_stats,Age,All,12_NZ,National
2010,13.541270031,LPV,Average_Age,All,Passenger,Annual,Road,nz_fleet_stats,Age,All,12_NZ,National
2011,13.82196306,LPV,Average_Age,All,Passenger,Annual,Road,nz_fleet_stats,Age,All,12_NZ,National
2012,14.056043348,LPV,Average_Age,All,Passenger,Annual,Road,nz_fleet_stats,Age,All,12_NZ,National
2013,14.202684023,LPV,Average_Age,All,Passenger,Annual,Road,nz_fleet_stats,Age,All,12_NZ,National
2014,14.252728413,LPV,Average_Age,All,Passenger,Annual,Road,nz_fleet_stats,Age,All,12_NZ,National
2015,14.271524281,LPV,Average_Age,All,Passenger,Annual,Road,nz_fleet_stats,Age,All,12_NZ,National
2016,14.311065089,LPV,Average_Age,All,Passenger,Annual,Road,nz_fleet_stats,Age,All,12_NZ,National
2017,14.307204894,LPV,Average_Age,All,Passenger,Annual,Road,nz_fleet_stats,Age,All,12_NZ,National
2018,14.344447303,LPV,Average_Age,All,Passenger,Annual,Road,nz_fleet_stats,Age,All,12_NZ,National
2019,14.416656759,LPV,Average_Age,All,Passenger,Annual,Road,nz_fleet_stats,Age,All,12_NZ,National
2020,14.656517198,LPV,Average_Age,All,Passenger,Annual,Road,nz_fleet_stats,Age,All,12_NZ,National
2021,14.791022857,LPV,Average_Age,All,Passenger,Annual,Road,nz_fleet_stats,Age,All,12_NZ,National
2000,12.423168077,LCV,Average_Age,All,Freight,Annual,Road,nz_fleet_stats,Age,All,12_NZ,National
2001,12.608222201,LCV,Average_Age,All,Freight,Annual,Road,nz_fleet_stats,Age,All,12_NZ,National
2002,12.691243974,LCV,Average_Age,All,Freight,Annual,Road,nz_fleet_stats,Age,All,12_NZ,National
2003,12.701952855,LCV,Average_Age,All,Freight,Annual,Road,nz_fleet_stats,Age,All,12_NZ,National
2004,12.653266766,LCV,Average_Age,All,Freight,Annual,Road,nz_fleet_stats,Age,All,12_NZ,National
2005,12.583989829,LCV,Average_Age,All,Freight,Annual,Road,nz_fleet_stats,Age,All,12_NZ,National
2006,12.598119336,LCV,Average_Age,All,Freight,Annual,Road,nz_fleet_stats,Age,All,12_NZ,National
2007,12.571913977,LCV,Average_Age,All,Freight,Annual,Road,nz_fleet_stats,Age,All,12_NZ,National
2008,12.636947577,LCV,Average_Age,All,Freight,Annual,Road,nz_fleet_stats,Age,All,12_NZ,National
2009,12.966995492,LCV,Average_Age,All,Freight,Annual,Road,nz_fleet_stats,Age,All,12_NZ,National
2010,13.184218662,LCV,Average_Age,All,Freight,Annual,Road,nz_fleet_stats,Age,All,12_NZ,National
2011,13.313478451,LCV,Average_Age,All,Freight,Annual,Road,nz_fleet_stats,Age,All,12_NZ,National
2012,13.419224868,LCV,Average_Age,All,Freight,Annual,Road,nz_fleet_stats,Age,All,12_NZ,National
2013,13.361369381,LCV,Average_Age,All,Freight,Annual,Road,nz_fleet_stats,Age,All,12_NZ,National
2014,13.198373012,LCV,Average_Age,All,Freight,Annual,Road,nz_fleet_stats,Age,All,12_NZ,National
2015,13.033765826,LCV,Average_Age,All,Freight,Annual,Road,nz_fleet_stats,Age,All,12_NZ,National
2016,12.808588653,LCV,Average_Age,All,Freight,Annual,Road,nz_fleet_stats,Age,All,12_NZ,National
2017,12.525087987,LCV,Average_Age,All,Freight,Annual,Road,nz_fleet_stats,Age,All,12_NZ,National
2018,12.301499216,LCV,Average_Age,All,Freight,Annual,Road,nz_fleet_stats,Age,All,12_NZ,National
2019,12.198921237,LCV,Average_Age,All,Freight,Annual,Road,nz_fleet_stats,Age,All,12_NZ,National
2020,12.365041885,LCV,Average_Age,All,Freight,Annual,Road,nz_fleet_stats,Age,All,12_NZ,National
2021,12.379302157,LCV,Average_Age,All,Freight,Annual,Road,nz_fleet_stats,Age,All,12_NZ,National
2000,11.997574922,LPV,Average_Age,All,Passenger,Annual,Road,nz_fleet_stats,Age,All,12_NZ,National
2001,12.068233562,LPV,Average_Age,All,Passenger,Annual,Road,nz_fleet_stats,Age,All,12_NZ,National
2002,12.071107089,LPV,Average_Age,All,Passenger,Annual,Road,nz_fleet_stats,Age,All,12_NZ,National
2003,12.017458151,LPV,Average_Age,All,Passenger,Annual,Road,nz_fleet_stats,Age,All,12_NZ,National
2004,11.918721147,LPV,Average_Age,All,Passenger,Annual,Road,nz_fleet_stats,Age,All,12_NZ,National
2005,11.807287526,LPV,Average_Age,All,Passenger,Annual,Road,nz_fleet_stats,Age,All,12_NZ,National
2006,11.741580396,LPV,Average_Age,All,Passenger,Annual,Road,nz_fleet_stats,Age,All,12_NZ,National
2007,11.683467714,LPV,Average_Age,All,Passenger,Annual,Road,nz_fleet_stats,Age,All,12_NZ,National
2008,11.69306771,LPV,Average_Age,All,Passenger,Annual,Road,nz_fleet_stats,Age,All,12_NZ,National
2009,11.939975437,LPV,Average_Age,All,Passenger,Annual,Road,nz_fleet_stats,Age,All,12_NZ,National
2010,12.105548998,LPV,Average_Age,All,Passenger,Annual,Road,nz_fleet_stats,Age,All,12_NZ,National
2011,12.227325802,LPV,Average_Age,All,Passenger,Annual,Road,nz_fleet_stats,Age,All,12_NZ,National
2012,12.301261155,LPV,Average_Age,All,Passenger,Annual,Road,nz_fleet_stats,Age,All,12_NZ,National
2013,12.321755409,LPV,Average_Age,All,Passenger,Annual,Road,nz_fleet_stats,Age,All,12_NZ,National
2014,12.274812887,LPV,Average_Age,All,Passenger,Annual,Road,nz_fleet_stats,Age,All,12_NZ,National
2015,12.199296125,LPV,Average_Age,All,Passenger,Annual,Road,nz_fleet_stats,Age,All,12_NZ,National
2016,12.097078388,LPV,Average_Age,All,Passenger,Annual,Road,nz_fleet_stats,Age,All,12_NZ,National
2017,11.948796094,LPV,Average_Age,All,Passenger,Annual,Road,nz_fleet_stats,Age,All,12_NZ,National
2018,11.826438305,LPV,Average_Age,All,Passenger,Annual,Road,nz_fleet_stats,Age,All,12_NZ,National
2019,11.776307491,LPV,Average_Age,All,Passenger,Annual,Road,nz_fleet_stats,Age,All,12_NZ,National
2020,11.954098774,LPV,Average_Age,All,Passenger,Annual,Road,nz_fleet_stats,Age,All,12_NZ,National
2021,11.96174023,LPV,Average_Age,All,Passenger,Annual,Road,nz_fleet_stats,Age,All,12_NZ,National
2000,11.544323107,LPV,Average_Age,All,Passenger,Annual,Road,nz_fleet_stats,Age,All,12_NZ,National
2001,11.838453117,LPV,Average_Age,All,Passenger,Annual,Road,nz_fleet_stats,Age,All,12_NZ,National
2002,12.053593352,LPV,Average_Age,All,Passenger,Annual,Road,nz_fleet_stats,Age,All,12_NZ,National
2003,12.219216496,LPV,Average_Age,All,Passenger,Annual,Road,nz_fleet_stats,Age,All,12_NZ,National
2004,12.459902721,LPV,Average_Age,All,Passenger,Annual,Road,nz_fleet_stats,Age,All,12_NZ,National
2005,12.759681501,LPV,Average_Age,All,Passenger,Annual,Road,nz_fleet_stats,Age,All,12_NZ,National
2006,13.160532064,LPV,Average_Age,All,Passenger,Annual,Road,nz_fleet_stats,Age,All,12_NZ,National
2007,13.543661594,LPV,Average_Age,All,Passenger,Annual,Road,nz_fleet_stats,Age,All,12_NZ,National
2008,14.01330215,LPV,Average_Age,All,Passenger,Annual,Road,nz_fleet_stats,Age,All,12_NZ,National
2009,14.55358497,LPV,Average_Age,All,Passenger,Annual,Road,nz_fleet_stats,Age,All,12_NZ,National
2010,14.984723273,LPV,Average_Age,All,Passenger,Annual,Road,nz_fleet_stats,Age,All,12_NZ,National
2011,15.430749019,LPV,Average_Age,All,Passenger,Annual,Road,nz_fleet_stats,Age,All,12_NZ,National
2012,15.854094262,LPV,Average_Age,All,Passenger,Annual,Road,nz_fleet_stats,Age,All,12_NZ,National
2013,16.121486563,LPV,Average_Age,All,Passenger,Annual,Road,nz_fleet_stats,Age,All,12_NZ,National
2014,16.231367916,LPV,Average_Age,All,Passenger,Annual,Road,nz_fleet_stats,Age,All,12_NZ,National
2015,16.306616038,LPV,Average_Age,All,Passenger,Annual,Road,nz_fleet_stats,Age,All,12_NZ,National
2016,16.431643616,LPV,Average_Age,All,Passenger,Annual,Road,nz_fleet_stats,Age,All,12_NZ,National
2017,16.50380978,LPV,Average_Age,All,Passenger,Annual,Road,nz_fleet_stats,Age,All,12_NZ,National
2018,16.671617925,LPV,Average_Age,All,Passenger,Annual,Road,nz_fleet_stats,Age,All,12_NZ,National
2019,16.86479149,LPV,Average_Age,All,Passenger,Annual,Road,nz_fleet_stats,Age,All,12_NZ,National
2020,17.187464763,LPV,Average_Age,All,Passenger,Annual,Road,nz_fleet_stats,Age,All,12_NZ,National
2021,17.51480156,LPV,Average_Age,All,Passenger,Annual,Road,nz_fleet_stats,Age,All,12_NZ,National
2000,16.143079276,2W,Average_Age,All,Passenger,Annual,Road,nz_fleet_stats,Age,All,12_NZ,National
2001,16.538338395,2W,Average_Age,All,Passenger,Annual,Road,nz_fleet_stats,Age,All,12_NZ,National
2002,16.758826816,2W,Average_Age,All,Passenger,Annual,Road,nz_fleet_stats,Age,All,12_NZ,National
2003,16.75958161,2W,Average_Age,All,Passenger,Annual,Road,nz_fleet_stats,Age,All,12_NZ,National
2004,16.410660669,2W,Average_Age,All,Passenger,Annual,Road,nz_fleet_stats,Age,All,12_NZ,National
2005,15.6233215,2W,Average_Age,All,Passenger,Annual,Road,nz_fleet_stats,Age,All,12_NZ,National
2006,14.955394075,2W,Average_Age,All,Passenger,Annual,Road,nz_fleet_stats,Age,All,12_NZ,National
2007,14.303018009,2W,Average_Age,All,Passenger,Annual,Road,nz_fleet_stats,Age,All,12_NZ,National
2008,13.693970847,2W,Average_Age,All,Passenger,Annual,Road,nz_fleet_stats,Age,All,12_NZ,National
2009,13.973857415,2W,Average_Age,All,Passenger,Annual,Road,nz_fleet_stats,Age,All,12_NZ,National
2010,14.414341791,2W,Average_Age,All,Passenger,Annual,Road,nz_fleet_stats,Age,All,12_NZ,National
2011,14.930703625,2W,Average_Age,All,Passenger,Annual,Road,nz_fleet_stats,Age,All,12_NZ,National
2012,15.39527418,2W,Average_Age,All,Passenger,Annual,Road,nz_fleet_stats,Age,All,12_NZ,National
2013,15.756703721,2W,Average_Age,All,Passenger,Annual,Road,nz_fleet_stats,Age,All,12_NZ,National
2014,16.074455134,2W,Average_Age,All,Passenger,Annual,Road,nz_fleet_stats,Age,All,12_NZ,National
2015,16.287545557,2W,Average_Age,All,Passenger,Annual,Road,nz_fleet_stats,Age,All,12_NZ,National
2016,16.535238948,2W,Average_Age,All,Passenger,Annual,Road,nz_fleet_stats,Age,All,12_NZ,National
2017,16.779456842,2W,Average_Age,All,Passenger,Annual,Road,nz_fleet_stats,Age,All,12_NZ,National
2018,17.058048086,2W,Average_Age,All,Passenger,Annual,Road,nz_fleet_stats,Age,All,12_NZ,National
2019,17.359834551,2W,Average_Age,All,Passenger,Annual,Road,nz_fleet_stats,Age,All,12_NZ,National
2020,17.641407873,2W,Average_Age,All,Passenger,Annual,Road,nz_fleet_stats,Age,All,12_NZ,National
2021,17.862771267,2W,Average_Age,All,Passenger,Annual,Road,nz_fleet_stats,Age,All,12_NZ,National
2000,14.322845067,HT,Average_Age,All,Freight,Annual,Road,nz_fleet_stats,Age,All,12_NZ,National
2001,14.612249279,HT,Average_Age,All,Freight,Annual,Road,nz_fleet_stats,Age,All,12_NZ,National
2002,14.727981186,HT,Average_Age,All,Freight,Annual,Road,nz_fleet_stats,Age,All,12_NZ,National
2003,14.768943367,HT,Average_Age,All,Freight,Annual,Road,nz_fleet_stats,Age,All,12_NZ,National
2004,14.750569676,HT,Average_Age,All,Freight,Annual,Road,nz_fleet_stats,Age,All,12_NZ,National
2005,14.753591834,HT,Average_Age,All,Freight,Annual,Road,nz_fleet_stats,Age,All,12_NZ,National
2006,14.94223587,HT,Average_Age,All,Freight,Annual,Road,nz_fleet_stats,Age,All,12_NZ,National
2007,15.115440211,HT,Average_Age,All,Freight,Annual,Road,nz_fleet_stats,Age,All,12_NZ,National
2008,15.329159452,HT,Average_Age,All,Freight,Annual,Road,nz_fleet_stats,Age,All,12_NZ,National
2009,15.810863839,HT,Average_Age,All,Freight,Annual,Road,nz_fleet_stats,Age,All,12_NZ,National
2010,16.276966052,HT,Average_Age,All,Freight,Annual,Road,nz_fleet_stats,Age,All,12_NZ,National
2011,16.663576112,HT,Average_Age,All,Freight,Annual,Road,nz_fleet_stats,Age,All,12_NZ,National
2012,17.034527866,HT,Average_Age,All,Freight,Annual,Road,nz_fleet_stats,Age,All,12_NZ,National
2013,17.294910769,HT,Average_Age,All,Freight,Annual,Road,nz_fleet_stats,Age,All,12_NZ,National
2014,17.435564668,HT,Average_Age,All,Freight,Annual,Road,nz_fleet_stats,Age,All,12_NZ,National
2015,17.563469645,HT,Average_Age,All,Freight,Annual,Road,nz_fleet_stats,Age,All,12_NZ,National
2016,17.730834625,HT,Average_Age,All,Freight,Annual,Road,nz_fleet_stats,Age,All,12_NZ,National
2017,17.729865981,HT,Average_Age,All,Freight,Annual,Road,nz_fleet_stats,Age,All,12_NZ,National
2018,17.729094164,HT,Average_Age,All,Freight,Annual,Road,nz_fleet_stats,Age,All,12_NZ,National
2019,17.732113378,HT,Average_Age,All,Freight,Annual,Road,nz_fleet_stats,Age,All,12_NZ,National
2020,17.933883532,HT,Average_Age,All,Freight,Annual,Road,nz_fleet_stats,Age,All,12_NZ,National
2021,17.987767005,HT,Average_Age,All,Freight,Annual,Road,nz_fleet_stats,Age,All,12_NZ,National
2000,16.119506726,Bus,Average_Age,All,Passenger,Annual,Road,nz_fleet_stats,Age,All,12_NZ,National
2001,16.241636861,Bus,Average_Age,All,Passenger,Annual,Road,nz_fleet_stats,Age,All,12_NZ,National
2002,16.243067675,Bus,Average_Age,All,Passenger,Annual,Road,nz_fleet_stats,Age,All,12_NZ,National
2003,16.178468208,Bus,Average_Age,All,Passenger,Annual,Road,nz_fleet_stats,Age,All,12_NZ,National
2004,16.043536504,Bus,Average_Age,All,Passenger,Annual,Road,nz_fleet_stats,Age,All,12_NZ,National
2005,16.133159062,Bus,Average_Age,All,Passenger,Annual,Road,nz_fleet_stats,Age,All,12_NZ,National
2006,16.498326742,Bus,Average_Age,All,Passenger,Annual,Road,nz_fleet_stats,Age,All,12_NZ,National
2007,16.541489059,Bus,Average_Age,All,Passenger,Annual,Road,nz_fleet_stats,Age,All,12_NZ,National
2008,16.450226244,Bus,Average_Age,All,Passenger,Annual,Road,nz_fleet_stats,Age,All,12_NZ,National
2009,16.28313253,Bus,Average_Age,All,Passenger,Annual,Road,nz_fleet_stats,Age,All,12_NZ,National
2010,16.505855239,Bus,Average_Age,All,Passenger,Annual,Road,nz_fleet_stats,Age,All,12_NZ,National
2011,16.548924401,Bus,Average_Age,All,Passenger,Annual,Road,nz_fleet_stats,Age,All,12_NZ,National
2012,16.627329944,Bus,Average_Age,All,Passenger,Annual,Road,nz_fleet_stats,Age,All,12_NZ,National
2013,16.623033576,Bus,Average_Age,All,Passenger,Annual,Road,nz_fleet_stats,Age,All,12_NZ,National
2014,16.717774219,Bus,Average_Age,All,Passenger,Annual,Road,nz_fleet_stats,Age,All,12_NZ,National
2015,16.816874721,Bus,Average_Age,All,Passenger,Annual,Road,nz_fleet_stats,Age,All,12_NZ,National
2016,16.378064045,Bus,Average_Age,All,Passenger,Annual,Road,nz_fleet_stats,Age,All,12_NZ,National
2017,16.103880036,Bus,Average_Age,All,Passenger,Annual,Road,nz_fleet_stats,Age,All,12_NZ,National
2018,15.527474042,Bus,Average_Age,All,Passenger,Annual,Road,nz_fleet_stats,Age,All,12_NZ,National
2019,15.729293654,Bus,Average_Age,All,Passenger,Annual,Road,nz_fleet_stats,Age,All,12_NZ,National
2020,16.234528268,Bus,Average_Age,All,Passenger,Annual,Road,nz_fleet_stats,Age,All,12_NZ,National
2021,16.595114892,Bus,Average_Age,All,Passenger,Annual,Road,nz_fleet_stats,Age,All,12_NZ,National
