dataset,source,unit,vehicle_type,drive,year,Value,transport_type,frequency,scope,comment,fuel,medium,measure
EIA Annual Energy Outlook 2023,ref2023,km_per_pj,car,bev,2022,1255597158.464147,passenger,yearly,national,no_comment,all,road,efficiency
EIA Annual Energy Outlook 2023,ref2023,km_per_pj,car,bev,2023,1267697892.4455466,passenger,yearly,national,no_comment,all,road,efficiency
EIA Annual Energy Outlook 2023,ref2023,km_per_pj,car,bev,2024,1280268119.1568995,passenger,yearly,national,no_comment,all,road,efficiency
EIA Annual Energy Outlook 2023,ref2023,km_per_pj,car,bev,2025,1296907674.1770394,passenger,yearly,national,no_comment,all,road,efficiency
EIA Annual Energy Outlook 2023,ref2023,km_per_pj,car,bev,2026,1309992269.8761916,passenger,yearly,national,no_comment,all,road,efficiency
EIA Annual Energy Outlook 2023,ref2023,km_per_pj,car,bev,2027,1311310680.3350282,passenger,yearly,national,no_comment,all,road,efficiency
EIA Annual Energy Outlook 2023,ref2023,km_per_pj,car,bev,2028,1315797494.5167062,passenger,yearly,national,no_comment,all,road,efficiency
EIA Annual Energy Outlook 2023,ref2023,km_per_pj,car,bev,2029,1315705124.1836016,passenger,yearly,national,no_comment,all,road,efficiency
EIA Annual Energy Outlook 2023,ref2023,km_per_pj,car,bev,2030,1315666129.9050226,passenger,yearly,national,no_comment,all,road,efficiency
EIA Annual Energy Outlook 2023,ref2023,km_per_pj,car,bev,2031,1315671851.5223162,passenger,yearly,national,no_comment,all,road,efficiency
EIA Annual Energy Outlook 2023,ref2023,km_per_pj,car,bev,2032,1315841450.8354435,passenger,yearly,national,no_comment,all,road,efficiency
EIA Annual Energy Outlook 2023,ref2023,km_per_pj,car,bev,2033,1316288743.2251253,passenger,yearly,national,no_comment,all,road,efficiency
EIA Annual Energy Outlook 2023,ref2023,km_per_pj,car,bev,2034,1316974649.9473157,passenger,yearly,national,no_comment,all,road,efficiency
EIA Annual Energy Outlook 2023,ref2023,km_per_pj,car,bev,2035,1317885930.1219423,passenger,yearly,national,no_comment,all,road,efficiency
EIA Annual Energy Outlook 2023,ref2023,km_per_pj,car,bev,2036,1318597035.0964177,passenger,yearly,national,no_comment,all,road,efficiency
EIA Annual Energy Outlook 2023,ref2023,km_per_pj,car,bev,2037,1319181354.3444223,passenger,yearly,national,no_comment,all,road,efficiency
EIA Annual Energy Outlook 2023,ref2023,km_per_pj,car,bev,2038,1319675425.3011663,passenger,yearly,national,no_comment,all,road,efficiency
EIA Annual Energy Outlook 2023,ref2023,km_per_pj,car,bev,2039,1320252624.9671903,passenger,yearly,national,no_comment,all,road,efficiency
EIA Annual Energy Outlook 2023,ref2023,km_per_pj,car,bev,2040,1320522467.6518524,passenger,yearly,national,no_comment,all,road,efficiency
EIA Annual Energy Outlook 2023,ref2023,km_per_pj,car,bev,2041,1320779704.783652,passenger,yearly,national,no_comment,all,road,efficiency
EIA Annual Energy Outlook 2023,ref2023,km_per_pj,car,bev,2042,1321038822.1901977,passenger,yearly,national,no_comment,all,road,efficiency
EIA Annual Energy Outlook 2023,ref2023,km_per_pj,car,bev,2043,1321255575.2684405,passenger,yearly,national,no_comment,all,road,efficiency
EIA Annual Energy Outlook 2023,ref2023,km_per_pj,car,bev,2044,1321256313.4231746,passenger,yearly,national,no_comment,all,road,efficiency
EIA Annual Energy Outlook 2023,ref2023,km_per_pj,car,bev,2045,1321363544.1698728,passenger,yearly,national,no_comment,all,road,efficiency
EIA Annual Energy Outlook 2023,ref2023,km_per_pj,car,bev,2046,1321364053.4109497,passenger,yearly,national,no_comment,all,road,efficiency
EIA Annual Energy Outlook 2023,ref2023,km_per_pj,car,bev,2047,1321441686.35625,passenger,yearly,national,no_comment,all,road,efficiency
EIA Annual Energy Outlook 2023,ref2023,km_per_pj,car,bev,2048,1321524025.4970326,passenger,yearly,national,no_comment,all,road,efficiency
EIA Annual Energy Outlook 2023,ref2023,km_per_pj,car,bev,2049,1321888994.047647,passenger,yearly,national,no_comment,all,road,efficiency
EIA Annual Energy Outlook 2023,ref2023,km_per_pj,car,bev,2050,1321889307.4267714,passenger,yearly,national,no_comment,all,road,efficiency
EIA Annual Energy Outlook 2023,ref2023,km_per_pj,car,cng,2022,506463851.0093899,passenger,yearly,national,no_comment,all,road,efficiency
EIA Annual Energy Outlook 2023,ref2023,km_per_pj,car,cng,2023,514245871.8858764,passenger,yearly,national,no_comment,all,road,efficiency
EIA Annual Energy Outlook 2023,ref2023,km_per_pj,car,cng,2024,519338846.1927626,passenger,yearly,national,no_comment,all,road,efficiency
EIA Annual Energy Outlook 2023,ref2023,km_per_pj,car,cng,2025,536809352.16800904,passenger,yearly,national,no_comment,all,road,efficiency
EIA Annual Energy Outlook 2023,ref2023,km_per_pj,car,cng,2026,538127186.7882532,passenger,yearly,national,no_comment,all,road,efficiency
EIA Annual Energy Outlook 2023,ref2023,km_per_pj,car,cng,2027,540477824.8016207,passenger,yearly,national,no_comment,all,road,efficiency
EIA Annual Energy Outlook 2023,ref2023,km_per_pj,car,cng,2028,560428335.8948909,passenger,yearly,national,no_comment,all,road,efficiency
EIA Annual Energy Outlook 2023,ref2023,km_per_pj,car,cng,2029,562755140.1423632,passenger,yearly,national,no_comment,all,road,efficiency
EIA Annual Energy Outlook 2023,ref2023,km_per_pj,car,cng,2030,562694141.1614114,passenger,yearly,national,no_comment,all,road,efficiency
EIA Annual Energy Outlook 2023,ref2023,km_per_pj,car,cng,2031,561595865.7692177,passenger,yearly,national,no_comment,all,road,efficiency
EIA Annual Energy Outlook 2023,ref2023,km_per_pj,car,cng,2032,560284457.2475837,passenger,yearly,national,no_comment,all,road,efficiency
EIA Annual Energy Outlook 2023,ref2023,km_per_pj,car,cng,2033,559146898.655948,passenger,yearly,national,no_comment,all,road,efficiency
EIA Annual Energy Outlook 2023,ref2023,km_per_pj,car,cng,2034,558144772.5403109,passenger,yearly,national,no_comment,all,road,efficiency
EIA Annual Energy Outlook 2023,ref2023,km_per_pj,car,cng,2035,557637832.2046537,passenger,yearly,national,no_comment,all,road,efficiency
EIA Annual Energy Outlook 2023,ref2023,km_per_pj,car,cng,2036,557171030.5073875,passenger,yearly,national,no_comment,all,road,efficiency
EIA Annual Energy Outlook 2023,ref2023,km_per_pj,car,cng,2037,557222300.1586075,passenger,yearly,national,no_comment,all,road,efficiency
EIA Annual Energy Outlook 2023,ref2023,km_per_pj,car,cng,2038,557337516.4478801,passenger,yearly,national,no_comment,all,road,efficiency
EIA Annual Energy Outlook 2023,ref2023,km_per_pj,car,cng,2039,559222708.0678583,passenger,yearly,national,no_comment,all,road,efficiency
EIA Annual Energy Outlook 2023,ref2023,km_per_pj,car,cng,2040,559103575.3111088,passenger,yearly,national,no_comment,all,road,efficiency
EIA Annual Energy Outlook 2023,ref2023,km_per_pj,car,cng,2041,559438330.2154453,passenger,yearly,national,no_comment,all,road,efficiency
EIA Annual Energy Outlook 2023,ref2023,km_per_pj,car,cng,2042,559565326.8266286,passenger,yearly,national,no_comment,all,road,efficiency
EIA Annual Energy Outlook 2023,ref2023,km_per_pj,car,cng,2043,559455691.5035104,passenger,yearly,national,no_comment,all,road,efficiency
EIA Annual Energy Outlook 2023,ref2023,km_per_pj,car,cng,2044,558394292.7445593,passenger,yearly,national,no_comment,all,road,efficiency
EIA Annual Energy Outlook 2023,ref2023,km_per_pj,car,cng,2045,557422694.4622548,passenger,yearly,national,no_comment,all,road,efficiency
EIA Annual Energy Outlook 2023,ref2023,km_per_pj,car,cng,2046,556614902.4321692,passenger,yearly,national,no_comment,all,road,efficiency
EIA Annual Energy Outlook 2023,ref2023,km_per_pj,car,cng,2047,555606051.3296146,passenger,yearly,national,no_comment,all,road,efficiency
EIA Annual Energy Outlook 2023,ref2023,km_per_pj,car,cng,2048,554780351.7673159,passenger,yearly,national,no_comment,all,road,efficiency
EIA Annual Energy Outlook 2023,ref2023,km_per_pj,car,cng,2049,558055270.9519718,passenger,yearly,national,no_comment,all,road,efficiency
EIA Annual Energy Outlook 2023,ref2023,km_per_pj,car,cng,2050,556997412.4734898,passenger,yearly,national,no_comment,all,road,efficiency
EIA Annual Energy Outlook 2023,ref2023,km_per_pj,car,fcev,2022,657407404.3933805,passenger,yearly,national,no_comment,all,road,efficiency
EIA Annual Energy Outlook 2023,ref2023,km_per_pj,car,fcev,2023,656893658.491418,passenger,yearly,national,no_comment,all,road,efficiency
EIA Annual Energy Outlook 2023,ref2023,km_per_pj,car,fcev,2024,657260871.0895509,passenger,yearly,national,no_comment,all,road,efficiency
EIA Annual Energy Outlook 2023,ref2023,km_per_pj,car,fcev,2025,663629783.5736492,passenger,yearly,national,no_comment,all,road,efficiency
EIA Annual Energy Outlook 2023,ref2023,km_per_pj,car,fcev,2026,663906544.6737453,passenger,yearly,national,no_comment,all,road,efficiency
EIA Annual Energy Outlook 2023,ref2023,km_per_pj,car,fcev,2027,665555069.8446882,passenger,yearly,national,no_comment,all,road,efficiency
EIA Annual Energy Outlook 2023,ref2023,km_per_pj,car,fcev,2028,671394559.3096923,passenger,yearly,national,no_comment,all,road,efficiency
EIA Annual Energy Outlook 2023,ref2023,km_per_pj,car,fcev,2029,671279576.1020786,passenger,yearly,national,no_comment,all,road,efficiency
EIA Annual Energy Outlook 2023,ref2023,km_per_pj,car,fcev,2030,671174993.9802452,passenger,yearly,national,no_comment,all,road,efficiency
EIA Annual Energy Outlook 2023,ref2023,km_per_pj,car,fcev,2031,671110102.4670376,passenger,yearly,national,no_comment,all,road,efficiency
EIA Annual Energy Outlook 2023,ref2023,km_per_pj,car,fcev,2032,671228386.7646459,passenger,yearly,national,no_comment,all,road,efficiency
EIA Annual Energy Outlook 2023,ref2023,km_per_pj,car,fcev,2033,671627614.6311322,passenger,yearly,national,no_comment,all,road,efficiency
EIA Annual Energy Outlook 2023,ref2023,km_per_pj,car,fcev,2034,672490717.0498723,passenger,yearly,national,no_comment,all,road,efficiency
EIA Annual Energy Outlook 2023,ref2023,km_per_pj,car,fcev,2035,673637958.0355936,passenger,yearly,national,no_comment,all,road,efficiency
EIA Annual Energy Outlook 2023,ref2023,km_per_pj,car,fcev,2036,674602937.2329451,passenger,yearly,national,no_comment,all,road,efficiency
EIA Annual Energy Outlook 2023,ref2023,km_per_pj,car,fcev,2037,675344845.9879872,passenger,yearly,national,no_comment,all,road,efficiency
EIA Annual Energy Outlook 2023,ref2023,km_per_pj,car,fcev,2038,675920031.3362409,passenger,yearly,national,no_comment,all,road,efficiency
EIA Annual Energy Outlook 2023,ref2023,km_per_pj,car,fcev,2039,676559328.830349,passenger,yearly,national,no_comment,all,road,efficiency
EIA Annual Energy Outlook 2023,ref2023,km_per_pj,car,fcev,2040,676902397.3623527,passenger,yearly,national,no_comment,all,road,efficiency
EIA Annual Energy Outlook 2023,ref2023,km_per_pj,car,fcev,2041,677234183.429789,passenger,yearly,national,no_comment,all,road,efficiency
EIA Annual Energy Outlook 2023,ref2023,km_per_pj,car,fcev,2042,677573559.1478926,passenger,yearly,national,no_comment,all,road,efficiency
EIA Annual Energy Outlook 2023,ref2023,km_per_pj,car,fcev,2043,677856885.7038621,passenger,yearly,national,no_comment,all,road,efficiency
EIA Annual Energy Outlook 2023,ref2023,km_per_pj,car,fcev,2044,677856991.795753,passenger,yearly,national,no_comment,all,road,efficiency
EIA Annual Energy Outlook 2023,ref2023,km_per_pj,car,fcev,2045,678011624.8074188,passenger,yearly,national,no_comment,all,road,efficiency
EIA Annual Energy Outlook 2023,ref2023,km_per_pj,car,fcev,2046,678011673.772907,passenger,yearly,national,no_comment,all,road,efficiency
EIA Annual Energy Outlook 2023,ref2023,km_per_pj,car,fcev,2047,678116925.0897454,passenger,yearly,national,no_comment,all,road,efficiency
EIA Annual Energy Outlook 2023,ref2023,km_per_pj,car,fcev,2048,678234854.3875645,passenger,yearly,national,no_comment,all,road,efficiency
EIA Annual Energy Outlook 2023,ref2023,km_per_pj,car,fcev,2049,678826239.1514906,passenger,yearly,national,no_comment,all,road,efficiency
EIA Annual Energy Outlook 2023,ref2023,km_per_pj,car,fcev,2050,678826239.1514906,passenger,yearly,national,no_comment,all,road,efficiency
EIA Annual Energy Outlook 2023,ref2023,km_per_pj,car,ice_d,2022,564649112.4414592,passenger,yearly,national,no_comment,all,road,efficiency
EIA Annual Energy Outlook 2023,ref2023,km_per_pj,car,ice_d,2023,566100809.9841473,passenger,yearly,national,no_comment,all,road,efficiency
EIA Annual Energy Outlook 2023,ref2023,km_per_pj,car,ice_d,2024,569069106.2272257,passenger,yearly,national,no_comment,all,road,efficiency
EIA Annual Energy Outlook 2023,ref2023,km_per_pj,car,ice_d,2025,585118817.2391218,passenger,yearly,national,no_comment,all,road,efficiency
EIA Annual Energy Outlook 2023,ref2023,km_per_pj,car,ice_d,2026,585883673.3558269,passenger,yearly,national,no_comment,all,road,efficiency
EIA Annual Energy Outlook 2023,ref2023,km_per_pj,car,ice_d,2027,587414009.5142161,passenger,yearly,national,no_comment,all,road,efficiency
EIA Annual Energy Outlook 2023,ref2023,km_per_pj,car,ice_d,2028,602149680.8290561,passenger,yearly,national,no_comment,all,road,efficiency
EIA Annual Energy Outlook 2023,ref2023,km_per_pj,car,ice_d,2029,601857658.0190613,passenger,yearly,national,no_comment,all,road,efficiency
EIA Annual Energy Outlook 2023,ref2023,km_per_pj,car,ice_d,2030,601546530.515119,passenger,yearly,national,no_comment,all,road,efficiency
EIA Annual Energy Outlook 2023,ref2023,km_per_pj,car,ice_d,2031,601221519.2918326,passenger,yearly,national,no_comment,all,road,efficiency
EIA Annual Energy Outlook 2023,ref2023,km_per_pj,car,ice_d,2032,601029070.8354163,passenger,yearly,national,no_comment,all,road,efficiency
EIA Annual Energy Outlook 2023,ref2023,km_per_pj,car,ice_d,2033,600980169.5580411,passenger,yearly,national,no_comment,all,road,efficiency
EIA Annual Energy Outlook 2023,ref2023,km_per_pj,car,ice_d,2034,601306276.8157123,passenger,yearly,national,no_comment,all,road,efficiency
EIA Annual Energy Outlook 2023,ref2023,km_per_pj,car,ice_d,2035,601896221.0261582,passenger,yearly,national,no_comment,all,road,efficiency
EIA Annual Energy Outlook 2023,ref2023,km_per_pj,car,ice_d,2036,602552712.2972928,passenger,yearly,national,no_comment,all,road,efficiency
EIA Annual Energy Outlook 2023,ref2023,km_per_pj,car,ice_d,2037,602976414.7518579,passenger,yearly,national,no_comment,all,road,efficiency
EIA Annual Energy Outlook 2023,ref2023,km_per_pj,car,ice_d,2038,603397367.8634139,passenger,yearly,national,no_comment,all,road,efficiency
EIA Annual Energy Outlook 2023,ref2023,km_per_pj,car,ice_d,2039,604795865.1560215,passenger,yearly,national,no_comment,all,road,efficiency
EIA Annual Energy Outlook 2023,ref2023,km_per_pj,car,ice_d,2040,604642936.8853793,passenger,yearly,national,no_comment,all,road,efficiency
EIA Annual Energy Outlook 2023,ref2023,km_per_pj,car,ice_d,2041,604651431.1518617,passenger,yearly,national,no_comment,all,road,efficiency
EIA Annual Energy Outlook 2023,ref2023,km_per_pj,car,ice_d,2042,604461663.5363055,passenger,yearly,national,no_comment,all,road,efficiency
EIA Annual Energy Outlook 2023,ref2023,km_per_pj,car,ice_d,2043,604072910.1376225,passenger,yearly,national,no_comment,all,road,efficiency
EIA Annual Energy Outlook 2023,ref2023,km_per_pj,car,ice_d,2044,603126951.0015116,passenger,yearly,national,no_comment,all,road,efficiency
EIA Annual Energy Outlook 2023,ref2023,km_per_pj,car,ice_d,2045,602164023.6979399,passenger,yearly,national,no_comment,all,road,efficiency
EIA Annual Energy Outlook 2023,ref2023,km_per_pj,car,ice_d,2046,601439950.4282428,passenger,yearly,national,no_comment,all,road,efficiency
EIA Annual Energy Outlook 2023,ref2023,km_per_pj,car,ice_d,2047,600414886.1212536,passenger,yearly,national,no_comment,all,road,efficiency
EIA Annual Energy Outlook 2023,ref2023,km_per_pj,car,ice_d,2048,599567153.5126536,passenger,yearly,national,no_comment,all,road,efficiency
EIA Annual Energy Outlook 2023,ref2023,km_per_pj,car,ice_d,2049,601299763.5573243,passenger,yearly,national,no_comment,all,road,efficiency
EIA Annual Energy Outlook 2023,ref2023,km_per_pj,car,ice_d,2050,600371566.8433214,passenger,yearly,national,no_comment,all,road,efficiency
EIA Annual Energy Outlook 2023,ref2023,km_per_pj,car,ice_g,2022,494560022.509816,passenger,yearly,national,no_comment,all,road,efficiency
EIA Annual Energy Outlook 2023,ref2023,km_per_pj,car,ice_g,2023,502776356.4476642,passenger,yearly,national,no_comment,all,road,efficiency
EIA Annual Energy Outlook 2023,ref2023,km_per_pj,car,ice_g,2024,508890872.81839156,passenger,yearly,national,no_comment,all,road,efficiency
EIA Annual Energy Outlook 2023,ref2023,km_per_pj,car,ice_g,2025,528235553.4699725,passenger,yearly,national,no_comment,all,road,efficiency
EIA Annual Energy Outlook 2023,ref2023,km_per_pj,car,ice_g,2026,531451900.5264262,passenger,yearly,national,no_comment,all,road,efficiency
EIA Annual Energy Outlook 2023,ref2023,km_per_pj,car,ice_g,2027,535638097.82619053,passenger,yearly,national,no_comment,all,road,efficiency
EIA Annual Energy Outlook 2023,ref2023,km_per_pj,car,ice_g,2028,554377312.5655942,passenger,yearly,national,no_comment,all,road,efficiency
EIA Annual Energy Outlook 2023,ref2023,km_per_pj,car,ice_g,2029,555938225.2167003,passenger,yearly,national,no_comment,all,road,efficiency
EIA Annual Energy Outlook 2023,ref2023,km_per_pj,car,ice_g,2030,556382427.8840783,passenger,yearly,national,no_comment,all,road,efficiency
EIA Annual Energy Outlook 2023,ref2023,km_per_pj,car,ice_g,2031,556231516.2495139,passenger,yearly,national,no_comment,all,road,efficiency
EIA Annual Energy Outlook 2023,ref2023,km_per_pj,car,ice_g,2032,556285358.39428,passenger,yearly,national,no_comment,all,road,efficiency
EIA Annual Energy Outlook 2023,ref2023,km_per_pj,car,ice_g,2033,556731882.3318318,passenger,yearly,national,no_comment,all,road,efficiency
EIA Annual Energy Outlook 2023,ref2023,km_per_pj,car,ice_g,2034,557316808.75189,passenger,yearly,national,no_comment,all,road,efficiency
EIA Annual Energy Outlook 2023,ref2023,km_per_pj,car,ice_g,2035,558546361.2332957,passenger,yearly,national,no_comment,all,road,efficiency
EIA Annual Energy Outlook 2023,ref2023,km_per_pj,car,ice_g,2036,559949811.5856222,passenger,yearly,national,no_comment,all,road,efficiency
EIA Annual Energy Outlook 2023,ref2023,km_per_pj,car,ice_g,2037,561302073.1105733,passenger,yearly,national,no_comment,all,road,efficiency
EIA Annual Energy Outlook 2023,ref2023,km_per_pj,car,ice_g,2038,562532906.3455292,passenger,yearly,national,no_comment,all,road,efficiency
EIA Annual Energy Outlook 2023,ref2023,km_per_pj,car,ice_g,2039,565153158.2601056,passenger,yearly,national,no_comment,all,road,efficiency
EIA Annual Energy Outlook 2023,ref2023,km_per_pj,car,ice_g,2040,565438415.8925151,passenger,yearly,national,no_comment,all,road,efficiency
EIA Annual Energy Outlook 2023,ref2023,km_per_pj,car,ice_g,2041,566062528.4746591,passenger,yearly,national,no_comment,all,road,efficiency
EIA Annual Energy Outlook 2023,ref2023,km_per_pj,car,ice_g,2042,566435976.0116199,passenger,yearly,national,no_comment,all,road,efficiency
EIA Annual Energy Outlook 2023,ref2023,km_per_pj,car,ice_g,2043,566547901.9365655,passenger,yearly,national,no_comment,all,road,efficiency
EIA Annual Energy Outlook 2023,ref2023,km_per_pj,car,ice_g,2044,565743666.7458161,passenger,yearly,national,no_comment,all,road,efficiency
EIA Annual Energy Outlook 2023,ref2023,km_per_pj,car,ice_g,2045,565038862.0994979,passenger,yearly,national,no_comment,all,road,efficiency
EIA Annual Energy Outlook 2023,ref2023,km_per_pj,car,ice_g,2046,564429517.202554,passenger,yearly,national,no_comment,all,road,efficiency
EIA Annual Energy Outlook 2023,ref2023,km_per_pj,car,ice_g,2047,563686459.7987683,passenger,yearly,national,no_comment,all,road,efficiency
EIA Annual Energy Outlook 2023,ref2023,km_per_pj,car,ice_g,2048,563086459.6592089,passenger,yearly,national,no_comment,all,road,efficiency
EIA Annual Energy Outlook 2023,ref2023,km_per_pj,car,ice_g,2049,566141918.362882,passenger,yearly,national,no_comment,all,road,efficiency
EIA Annual Energy Outlook 2023,ref2023,km_per_pj,car,ice_g,2050,565360891.2833574,passenger,yearly,national,no_comment,all,road,efficiency
EIA Annual Energy Outlook 2023,ref2023,km_per_pj,car,lpg,2022,749351348.0425706,passenger,yearly,national,no_comment,all,road,efficiency
EIA Annual Energy Outlook 2023,ref2023,km_per_pj,car,lpg,2023,758655928.1343955,passenger,yearly,national,no_comment,all,road,efficiency
EIA Annual Energy Outlook 2023,ref2023,km_per_pj,car,lpg,2024,764044097.6250868,passenger,yearly,national,no_comment,all,road,efficiency
EIA Annual Energy Outlook 2023,ref2023,km_per_pj,car,lpg,2025,788327696.5779228,passenger,yearly,national,no_comment,all,road,efficiency
EIA Annual Energy Outlook 2023,ref2023,km_per_pj,car,lpg,2026,792418844.729202,passenger,yearly,national,no_comment,all,road,efficiency
EIA Annual Energy Outlook 2023,ref2023,km_per_pj,car,lpg,2027,798374057.3536401,passenger,yearly,national,no_comment,all,road,efficiency
EIA Annual Energy Outlook 2023,ref2023,km_per_pj,car,lpg,2028,822053447.2026093,passenger,yearly,national,no_comment,all,road,efficiency
EIA Annual Energy Outlook 2023,ref2023,km_per_pj,car,lpg,2029,827492698.7659724,passenger,yearly,national,no_comment,all,road,efficiency
EIA Annual Energy Outlook 2023,ref2023,km_per_pj,car,lpg,2030,828696636.0901382,passenger,yearly,national,no_comment,all,road,efficiency
EIA Annual Energy Outlook 2023,ref2023,km_per_pj,car,lpg,2031,828110688.7004342,passenger,yearly,national,no_comment,all,road,efficiency
EIA Annual Energy Outlook 2023,ref2023,km_per_pj,car,lpg,2032,826046100.4603722,passenger,yearly,national,no_comment,all,road,efficiency
EIA Annual Energy Outlook 2023,ref2023,km_per_pj,car,lpg,2033,824264974.6057028,passenger,yearly,national,no_comment,all,road,efficiency
EIA Annual Energy Outlook 2023,ref2023,km_per_pj,car,lpg,2034,822957503.5076311,passenger,yearly,national,no_comment,all,road,efficiency
EIA Annual Energy Outlook 2023,ref2023,km_per_pj,car,lpg,2035,822709888.1907804,passenger,yearly,national,no_comment,all,road,efficiency
EIA Annual Energy Outlook 2023,ref2023,km_per_pj,car,lpg,2036,822967124.7255557,passenger,yearly,national,no_comment,all,road,efficiency
EIA Annual Energy Outlook 2023,ref2023,km_per_pj,car,lpg,2037,824002783.7355111,passenger,yearly,national,no_comment,all,road,efficiency
EIA Annual Energy Outlook 2023,ref2023,km_per_pj,car,lpg,2038,824963485.1724263,passenger,yearly,national,no_comment,all,road,efficiency
EIA Annual Energy Outlook 2023,ref2023,km_per_pj,car,lpg,2039,828561634.6772909,passenger,yearly,national,no_comment,all,road,efficiency
EIA Annual Energy Outlook 2023,ref2023,km_per_pj,car,lpg,2040,828362581.9929174,passenger,yearly,national,no_comment,all,road,efficiency
EIA Annual Energy Outlook 2023,ref2023,km_per_pj,car,lpg,2041,828964068.7486544,passenger,yearly,national,no_comment,all,road,efficiency
EIA Annual Energy Outlook 2023,ref2023,km_per_pj,car,lpg,2042,829270070.8238418,passenger,yearly,national,no_comment,all,road,efficiency
EIA Annual Energy Outlook 2023,ref2023,km_per_pj,car,lpg,2043,829304260.8109132,passenger,yearly,national,no_comment,all,road,efficiency
EIA Annual Energy Outlook 2023,ref2023,km_per_pj,car,lpg,2044,827907831.4922768,passenger,yearly,national,no_comment,all,road,efficiency
EIA Annual Energy Outlook 2023,ref2023,km_per_pj,car,lpg,2045,826642362.3367794,passenger,yearly,national,no_comment,all,road,efficiency
EIA Annual Energy Outlook 2023,ref2023,km_per_pj,car,lpg,2046,825588576.884618,passenger,yearly,national,no_comment,all,road,efficiency
EIA Annual Energy Outlook 2023,ref2023,km_per_pj,car,lpg,2047,824306976.5482769,passenger,yearly,national,no_comment,all,road,efficiency
EIA Annual Energy Outlook 2023,ref2023,km_per_pj,car,lpg,2048,823215078.2222983,passenger,yearly,national,no_comment,all,road,efficiency
EIA Annual Energy Outlook 2023,ref2023,km_per_pj,car,lpg,2049,828186170.4523067,passenger,yearly,national,no_comment,all,road,efficiency
EIA Annual Energy Outlook 2023,ref2023,km_per_pj,car,lpg,2050,826821090.4096496,passenger,yearly,national,no_comment,all,road,efficiency
EIA Annual Energy Outlook 2023,ref2023,km_per_pj,car,phev_g,2022,775334973.9533477,passenger,yearly,national,no_comment,all,road,efficiency
EIA Annual Energy Outlook 2023,ref2023,km_per_pj,car,phev_g,2023,776539522.180394,passenger,yearly,national,no_comment,all,road,efficiency
EIA Annual Energy Outlook 2023,ref2023,km_per_pj,car,phev_g,2024,783667626.9385339,passenger,yearly,national,no_comment,all,road,efficiency
EIA Annual Energy Outlook 2023,ref2023,km_per_pj,car,phev_g,2025,802025779.4511391,passenger,yearly,national,no_comment,all,road,efficiency
EIA Annual Energy Outlook 2023,ref2023,km_per_pj,car,phev_g,2026,805969220.6058065,passenger,yearly,national,no_comment,all,road,efficiency
EIA Annual Energy Outlook 2023,ref2023,km_per_pj,car,phev_g,2027,809539502.452182,passenger,yearly,national,no_comment,all,road,efficiency
EIA Annual Energy Outlook 2023,ref2023,km_per_pj,car,phev_g,2028,829377574.5252521,passenger,yearly,national,no_comment,all,road,efficiency
EIA Annual Energy Outlook 2023,ref2023,km_per_pj,car,phev_g,2029,831025689.4247559,passenger,yearly,national,no_comment,all,road,efficiency
EIA Annual Energy Outlook 2023,ref2023,km_per_pj,car,phev_g,2030,831037356.0087403,passenger,yearly,national,no_comment,all,road,efficiency
EIA Annual Energy Outlook 2023,ref2023,km_per_pj,car,phev_g,2031,830477852.4145017,passenger,yearly,national,no_comment,all,road,efficiency
EIA Annual Energy Outlook 2023,ref2023,km_per_pj,car,phev_g,2032,830161915.9562577,passenger,yearly,national,no_comment,all,road,efficiency
EIA Annual Energy Outlook 2023,ref2023,km_per_pj,car,phev_g,2033,829905086.9629307,passenger,yearly,national,no_comment,all,road,efficiency
EIA Annual Energy Outlook 2023,ref2023,km_per_pj,car,phev_g,2034,830214627.3042812,passenger,yearly,national,no_comment,all,road,efficiency
EIA Annual Energy Outlook 2023,ref2023,km_per_pj,car,phev_g,2035,831028759.2270092,passenger,yearly,national,no_comment,all,road,efficiency
EIA Annual Energy Outlook 2023,ref2023,km_per_pj,car,phev_g,2036,832211040.3983067,passenger,yearly,national,no_comment,all,road,efficiency
EIA Annual Energy Outlook 2023,ref2023,km_per_pj,car,phev_g,2037,833036174.5323726,passenger,yearly,national,no_comment,all,road,efficiency
EIA Annual Energy Outlook 2023,ref2023,km_per_pj,car,phev_g,2038,833961666.2165891,passenger,yearly,national,no_comment,all,road,efficiency
EIA Annual Energy Outlook 2023,ref2023,km_per_pj,car,phev_g,2039,836163835.0740681,passenger,yearly,national,no_comment,all,road,efficiency
EIA Annual Energy Outlook 2023,ref2023,km_per_pj,car,phev_g,2040,836305176.7378235,passenger,yearly,national,no_comment,all,road,efficiency
EIA Annual Energy Outlook 2023,ref2023,km_per_pj,car,phev_g,2041,836756022.0188136,passenger,yearly,national,no_comment,all,road,efficiency
EIA Annual Energy Outlook 2023,ref2023,km_per_pj,car,phev_g,2042,837050750.8564163,passenger,yearly,national,no_comment,all,road,efficiency
EIA Annual Energy Outlook 2023,ref2023,km_per_pj,car,phev_g,2043,837045716.8703761,passenger,yearly,national,no_comment,all,road,efficiency
EIA Annual Energy Outlook 2023,ref2023,km_per_pj,car,phev_g,2044,836325279.8528507,passenger,yearly,national,no_comment,all,road,efficiency
EIA Annual Energy Outlook 2023,ref2023,km_per_pj,car,phev_g,2045,835555776.6340408,passenger,yearly,national,no_comment,all,road,efficiency
EIA Annual Energy Outlook 2023,ref2023,km_per_pj,car,phev_g,2046,835161621.7034148,passenger,yearly,national,no_comment,all,road,efficiency
EIA Annual Energy Outlook 2023,ref2023,km_per_pj,car,phev_g,2047,834168989.9885163,passenger,yearly,national,no_comment,all,road,efficiency
EIA Annual Energy Outlook 2023,ref2023,km_per_pj,car,phev_g,2048,833673237.2341812,passenger,yearly,national,no_comment,all,road,efficiency
EIA Annual Energy Outlook 2023,ref2023,km_per_pj,car,phev_g,2049,836337916.2873565,passenger,yearly,national,no_comment,all,road,efficiency
EIA Annual Energy Outlook 2023,ref2023,km_per_pj,car,phev_g,2050,835559839.1002816,passenger,yearly,national,no_comment,all,road,efficiency
EIA Annual Energy Outlook 2023,ref2023,km_per_pj,lcv,bev,2022,969043771.927288,freight,yearly,national,no_comment,all,road,efficiency
EIA Annual Energy Outlook 2023,ref2023,km_per_pj,lcv,bev,2023,979297620.116976,freight,yearly,national,no_comment,all,road,efficiency
EIA Annual Energy Outlook 2023,ref2023,km_per_pj,lcv,bev,2024,989067410.1801838,freight,yearly,national,no_comment,all,road,efficiency
EIA Annual Energy Outlook 2023,ref2023,km_per_pj,lcv,bev,2025,1001845901.8024037,freight,yearly,national,no_comment,all,road,efficiency
EIA Annual Energy Outlook 2023,ref2023,km_per_pj,lcv,bev,2026,1012381267.2732729,freight,yearly,national,no_comment,all,road,efficiency
EIA Annual Energy Outlook 2023,ref2023,km_per_pj,lcv,bev,2027,1015531119.1967809,freight,yearly,national,no_comment,all,road,efficiency
EIA Annual Energy Outlook 2023,ref2023,km_per_pj,lcv,bev,2028,1020009989.9521393,freight,yearly,national,no_comment,all,road,efficiency
EIA Annual Energy Outlook 2023,ref2023,km_per_pj,lcv,bev,2029,1020716787.1877921,freight,yearly,national,no_comment,all,road,efficiency
EIA Annual Energy Outlook 2023,ref2023,km_per_pj,lcv,bev,2030,1021195118.8004299,freight,yearly,national,no_comment,all,road,efficiency
EIA Annual Energy Outlook 2023,ref2023,km_per_pj,lcv,bev,2031,1021727434.8637841,freight,yearly,national,no_comment,all,road,efficiency
EIA Annual Energy Outlook 2023,ref2023,km_per_pj,lcv,bev,2032,1022359312.4542501,freight,yearly,national,no_comment,all,road,efficiency
EIA Annual Energy Outlook 2023,ref2023,km_per_pj,lcv,bev,2033,1023125149.8272731,freight,yearly,national,no_comment,all,road,efficiency
EIA Annual Energy Outlook 2023,ref2023,km_per_pj,lcv,bev,2034,1023730248.192255,freight,yearly,national,no_comment,all,road,efficiency
EIA Annual Energy Outlook 2023,ref2023,km_per_pj,lcv,bev,2035,1024230215.2058443,freight,yearly,national,no_comment,all,road,efficiency
EIA Annual Energy Outlook 2023,ref2023,km_per_pj,lcv,bev,2036,1024675639.5621523,freight,yearly,national,no_comment,all,road,efficiency
EIA Annual Energy Outlook 2023,ref2023,km_per_pj,lcv,bev,2037,1025049593.8919156,freight,yearly,national,no_comment,all,road,efficiency
EIA Annual Energy Outlook 2023,ref2023,km_per_pj,lcv,bev,2038,1025412677.8833036,freight,yearly,national,no_comment,all,road,efficiency
EIA Annual Energy Outlook 2023,ref2023,km_per_pj,lcv,bev,2039,1025822159.1230145,freight,yearly,national,no_comment,all,road,efficiency
EIA Annual Energy Outlook 2023,ref2023,km_per_pj,lcv,bev,2040,1026033462.3424231,freight,yearly,national,no_comment,all,road,efficiency
EIA Annual Energy Outlook 2023,ref2023,km_per_pj,lcv,bev,2041,1026197959.4516823,freight,yearly,national,no_comment,all,road,efficiency
EIA Annual Energy Outlook 2023,ref2023,km_per_pj,lcv,bev,2042,1026355851.1165863,freight,yearly,national,no_comment,all,road,efficiency
EIA Annual Energy Outlook 2023,ref2023,km_per_pj,lcv,bev,2043,1026480979.9733505,freight,yearly,national,no_comment,all,road,efficiency
EIA Annual Energy Outlook 2023,ref2023,km_per_pj,lcv,bev,2044,1026486517.9700634,freight,yearly,national,no_comment,all,road,efficiency
EIA Annual Energy Outlook 2023,ref2023,km_per_pj,lcv,bev,2045,1026527293.9803436,freight,yearly,national,no_comment,all,road,efficiency
EIA Annual Energy Outlook 2023,ref2023,km_per_pj,lcv,bev,2046,1026529367.6687679,freight,yearly,national,no_comment,all,road,efficiency
EIA Annual Energy Outlook 2023,ref2023,km_per_pj,lcv,bev,2047,1026529387.2549633,freight,yearly,national,no_comment,all,road,efficiency
EIA Annual Energy Outlook 2023,ref2023,km_per_pj,lcv,bev,2048,1026530048.2890536,freight,yearly,national,no_comment,all,road,efficiency
EIA Annual Energy Outlook 2023,ref2023,km_per_pj,lcv,bev,2049,1026819209.0829394,freight,yearly,national,no_comment,all,road,efficiency
EIA Annual Energy Outlook 2023,ref2023,km_per_pj,lcv,bev,2050,1026828091.4224949,freight,yearly,national,no_comment,all,road,efficiency
EIA Annual Energy Outlook 2023,ref2023,km_per_pj,lcv,fcev,2022,606900870.2910861,freight,yearly,national,no_comment,all,road,efficiency
EIA Annual Energy Outlook 2023,ref2023,km_per_pj,lcv,fcev,2023,609524637.0096108,freight,yearly,national,no_comment,all,road,efficiency
EIA Annual Energy Outlook 2023,ref2023,km_per_pj,lcv,fcev,2024,612234325.9185157,freight,yearly,national,no_comment,all,road,efficiency
EIA Annual Energy Outlook 2023,ref2023,km_per_pj,lcv,fcev,2025,615290568.0699997,freight,yearly,national,no_comment,all,road,efficiency
EIA Annual Energy Outlook 2023,ref2023,km_per_pj,lcv,fcev,2026,617954547.6956905,freight,yearly,national,no_comment,all,road,efficiency
EIA Annual Energy Outlook 2023,ref2023,km_per_pj,lcv,fcev,2027,622243483.7706811,freight,yearly,national,no_comment,all,road,efficiency
EIA Annual Energy Outlook 2023,ref2023,km_per_pj,lcv,fcev,2028,627103908.299568,freight,yearly,national,no_comment,all,road,efficiency
EIA Annual Energy Outlook 2023,ref2023,km_per_pj,lcv,fcev,2029,628078762.203702,freight,yearly,national,no_comment,all,road,efficiency
EIA Annual Energy Outlook 2023,ref2023,km_per_pj,lcv,fcev,2030,628120786.8339306,freight,yearly,national,no_comment,all,road,efficiency
EIA Annual Energy Outlook 2023,ref2023,km_per_pj,lcv,fcev,2031,628298323.4526917,freight,yearly,national,no_comment,all,road,efficiency
EIA Annual Energy Outlook 2023,ref2023,km_per_pj,lcv,fcev,2032,628629832.0490282,freight,yearly,national,no_comment,all,road,efficiency
EIA Annual Energy Outlook 2023,ref2023,km_per_pj,lcv,fcev,2033,628898248.6138474,freight,yearly,national,no_comment,all,road,efficiency
EIA Annual Energy Outlook 2023,ref2023,km_per_pj,lcv,fcev,2034,629178061.89604,freight,yearly,national,no_comment,all,road,efficiency
EIA Annual Energy Outlook 2023,ref2023,km_per_pj,lcv,fcev,2035,629495456.1904091,freight,yearly,national,no_comment,all,road,efficiency
EIA Annual Energy Outlook 2023,ref2023,km_per_pj,lcv,fcev,2036,629884866.4765159,freight,yearly,national,no_comment,all,road,efficiency
EIA Annual Energy Outlook 2023,ref2023,km_per_pj,lcv,fcev,2037,630218884.5541215,freight,yearly,national,no_comment,all,road,efficiency
EIA Annual Energy Outlook 2023,ref2023,km_per_pj,lcv,fcev,2038,630538482.2954587,freight,yearly,national,no_comment,all,road,efficiency
EIA Annual Energy Outlook 2023,ref2023,km_per_pj,lcv,fcev,2039,630873810.199873,freight,yearly,national,no_comment,all,road,efficiency
EIA Annual Energy Outlook 2023,ref2023,km_per_pj,lcv,fcev,2040,631017548.3904191,freight,yearly,national,no_comment,all,road,efficiency
EIA Annual Energy Outlook 2023,ref2023,km_per_pj,lcv,fcev,2041,631062988.3634483,freight,yearly,national,no_comment,all,road,efficiency
EIA Annual Energy Outlook 2023,ref2023,km_per_pj,lcv,fcev,2042,631106690.061647,freight,yearly,national,no_comment,all,road,efficiency
EIA Annual Energy Outlook 2023,ref2023,km_per_pj,lcv,fcev,2043,631143022.4538751,freight,yearly,national,no_comment,all,road,efficiency
EIA Annual Energy Outlook 2023,ref2023,km_per_pj,lcv,fcev,2044,631146290.9002109,freight,yearly,national,no_comment,all,road,efficiency
EIA Annual Energy Outlook 2023,ref2023,km_per_pj,lcv,fcev,2045,631169500.5416073,freight,yearly,national,no_comment,all,road,efficiency
EIA Annual Energy Outlook 2023,ref2023,km_per_pj,lcv,fcev,2046,631170577.7823472,freight,yearly,national,no_comment,all,road,efficiency
EIA Annual Energy Outlook 2023,ref2023,km_per_pj,lcv,fcev,2047,631170761.4029279,freight,yearly,national,no_comment,all,road,efficiency
EIA Annual Energy Outlook 2023,ref2023,km_per_pj,lcv,fcev,2048,631171740.7126914,freight,yearly,national,no_comment,all,road,efficiency
EIA Annual Energy Outlook 2023,ref2023,km_per_pj,lcv,fcev,2049,631218906.7191788,freight,yearly,national,no_comment,all,road,efficiency
EIA Annual Energy Outlook 2023,ref2023,km_per_pj,lcv,fcev,2050,631235763.088484,freight,yearly,national,no_comment,all,road,efficiency
EIA Annual Energy Outlook 2023,ref2023,km_per_pj,lcv,ice_d,2022,405196239.8255831,freight,yearly,national,no_comment,all,road,efficiency
EIA Annual Energy Outlook 2023,ref2023,km_per_pj,lcv,ice_d,2023,410612981.53675336,freight,yearly,national,no_comment,all,road,efficiency
EIA Annual Energy Outlook 2023,ref2023,km_per_pj,lcv,ice_d,2024,416295354.21643955,freight,yearly,national,no_comment,all,road,efficiency
EIA Annual Energy Outlook 2023,ref2023,km_per_pj,lcv,ice_d,2025,430687495.5851315,freight,yearly,national,no_comment,all,road,efficiency
EIA Annual Energy Outlook 2023,ref2023,km_per_pj,lcv,ice_d,2026,439574635.77782947,freight,yearly,national,no_comment,all,road,efficiency
EIA Annual Energy Outlook 2023,ref2023,km_per_pj,lcv,ice_d,2027,444641522.20252097,freight,yearly,national,no_comment,all,road,efficiency
EIA Annual Energy Outlook 2023,ref2023,km_per_pj,lcv,ice_d,2028,453278222.24110734,freight,yearly,national,no_comment,all,road,efficiency
EIA Annual Energy Outlook 2023,ref2023,km_per_pj,lcv,ice_d,2029,455111636.9009254,freight,yearly,national,no_comment,all,road,efficiency
EIA Annual Energy Outlook 2023,ref2023,km_per_pj,lcv,ice_d,2030,455853523.50648975,freight,yearly,national,no_comment,all,road,efficiency
EIA Annual Energy Outlook 2023,ref2023,km_per_pj,lcv,ice_d,2031,456684063.9270875,freight,yearly,national,no_comment,all,road,efficiency
EIA Annual Energy Outlook 2023,ref2023,km_per_pj,lcv,ice_d,2032,457564270.2571566,freight,yearly,national,no_comment,all,road,efficiency
EIA Annual Energy Outlook 2023,ref2023,km_per_pj,lcv,ice_d,2033,459192733.8926518,freight,yearly,national,no_comment,all,road,efficiency
EIA Annual Energy Outlook 2023,ref2023,km_per_pj,lcv,ice_d,2034,461013409.9298605,freight,yearly,national,no_comment,all,road,efficiency
EIA Annual Energy Outlook 2023,ref2023,km_per_pj,lcv,ice_d,2035,463201109.3732276,freight,yearly,national,no_comment,all,road,efficiency
EIA Annual Energy Outlook 2023,ref2023,km_per_pj,lcv,ice_d,2036,464769340.1799079,freight,yearly,national,no_comment,all,road,efficiency
EIA Annual Energy Outlook 2023,ref2023,km_per_pj,lcv,ice_d,2037,465921209.3704282,freight,yearly,national,no_comment,all,road,efficiency
EIA Annual Energy Outlook 2023,ref2023,km_per_pj,lcv,ice_d,2038,467039750.41402584,freight,yearly,national,no_comment,all,road,efficiency
EIA Annual Energy Outlook 2023,ref2023,km_per_pj,lcv,ice_d,2039,468405649.0150276,freight,yearly,national,no_comment,all,road,efficiency
EIA Annual Energy Outlook 2023,ref2023,km_per_pj,lcv,ice_d,2040,468933972.7652879,freight,yearly,national,no_comment,all,road,efficiency
EIA Annual Energy Outlook 2023,ref2023,km_per_pj,lcv,ice_d,2041,469430356.9257008,freight,yearly,national,no_comment,all,road,efficiency
EIA Annual Energy Outlook 2023,ref2023,km_per_pj,lcv,ice_d,2042,469783100.4108963,freight,yearly,national,no_comment,all,road,efficiency
EIA Annual Energy Outlook 2023,ref2023,km_per_pj,lcv,ice_d,2043,469989109.5157105,freight,yearly,national,no_comment,all,road,efficiency
EIA Annual Energy Outlook 2023,ref2023,km_per_pj,lcv,ice_d,2044,469816145.29217565,freight,yearly,national,no_comment,all,road,efficiency
EIA Annual Energy Outlook 2023,ref2023,km_per_pj,lcv,ice_d,2045,469651865.1045901,freight,yearly,national,no_comment,all,road,efficiency
EIA Annual Energy Outlook 2023,ref2023,km_per_pj,lcv,ice_d,2046,469507449.61452466,freight,yearly,national,no_comment,all,road,efficiency
EIA Annual Energy Outlook 2023,ref2023,km_per_pj,lcv,ice_d,2047,469288646.3448181,freight,yearly,national,no_comment,all,road,efficiency
EIA Annual Energy Outlook 2023,ref2023,km_per_pj,lcv,ice_d,2048,469097500.35493857,freight,yearly,national,no_comment,all,road,efficiency
EIA Annual Energy Outlook 2023,ref2023,km_per_pj,lcv,ice_d,2049,470112688.31830317,freight,yearly,national,no_comment,all,road,efficiency
EIA Annual Energy Outlook 2023,ref2023,km_per_pj,lcv,ice_d,2050,469916943.42739,freight,yearly,national,no_comment,all,road,efficiency
EIA Annual Energy Outlook 2023,ref2023,km_per_pj,lcv,ice_g,2022,382815791.6589066,freight,yearly,national,no_comment,all,road,efficiency
EIA Annual Energy Outlook 2023,ref2023,km_per_pj,lcv,ice_g,2023,400336380.87162566,freight,yearly,national,no_comment,all,road,efficiency
EIA Annual Energy Outlook 2023,ref2023,km_per_pj,lcv,ice_g,2024,411894745.5628797,freight,yearly,national,no_comment,all,road,efficiency
EIA Annual Energy Outlook 2023,ref2023,km_per_pj,lcv,ice_g,2025,431628639.10844314,freight,yearly,national,no_comment,all,road,efficiency
EIA Annual Energy Outlook 2023,ref2023,km_per_pj,lcv,ice_g,2026,443779336.2498423,freight,yearly,national,no_comment,all,road,efficiency
EIA Annual Energy Outlook 2023,ref2023,km_per_pj,lcv,ice_g,2027,451178449.9615449,freight,yearly,national,no_comment,all,road,efficiency
EIA Annual Energy Outlook 2023,ref2023,km_per_pj,lcv,ice_g,2028,465037531.56306994,freight,yearly,national,no_comment,all,road,efficiency
EIA Annual Energy Outlook 2023,ref2023,km_per_pj,lcv,ice_g,2029,467324391.2401866,freight,yearly,national,no_comment,all,road,efficiency
EIA Annual Energy Outlook 2023,ref2023,km_per_pj,lcv,ice_g,2030,468088601.73486507,freight,yearly,national,no_comment,all,road,efficiency
EIA Annual Energy Outlook 2023,ref2023,km_per_pj,lcv,ice_g,2031,469195074.8712212,freight,yearly,national,no_comment,all,road,efficiency
EIA Annual Energy Outlook 2023,ref2023,km_per_pj,lcv,ice_g,2032,470826415.1960422,freight,yearly,national,no_comment,all,road,efficiency
EIA Annual Energy Outlook 2023,ref2023,km_per_pj,lcv,ice_g,2033,473106474.7909881,freight,yearly,national,no_comment,all,road,efficiency
EIA Annual Energy Outlook 2023,ref2023,km_per_pj,lcv,ice_g,2034,475244176.41008586,freight,yearly,national,no_comment,all,road,efficiency
EIA Annual Energy Outlook 2023,ref2023,km_per_pj,lcv,ice_g,2035,477620600.08576596,freight,yearly,national,no_comment,all,road,efficiency
EIA Annual Energy Outlook 2023,ref2023,km_per_pj,lcv,ice_g,2036,479530404.0815117,freight,yearly,national,no_comment,all,road,efficiency
EIA Annual Energy Outlook 2023,ref2023,km_per_pj,lcv,ice_g,2037,481170233.79784554,freight,yearly,national,no_comment,all,road,efficiency
EIA Annual Energy Outlook 2023,ref2023,km_per_pj,lcv,ice_g,2038,482628432.15646946,freight,yearly,national,no_comment,all,road,efficiency
EIA Annual Energy Outlook 2023,ref2023,km_per_pj,lcv,ice_g,2039,484626266.91893,freight,yearly,national,no_comment,all,road,efficiency
EIA Annual Energy Outlook 2023,ref2023,km_per_pj,lcv,ice_g,2040,485202765.1543356,freight,yearly,national,no_comment,all,road,efficiency
EIA Annual Energy Outlook 2023,ref2023,km_per_pj,lcv,ice_g,2041,485727283.46369725,freight,yearly,national,no_comment,all,road,efficiency
EIA Annual Energy Outlook 2023,ref2023,km_per_pj,lcv,ice_g,2042,486135992.27283216,freight,yearly,national,no_comment,all,road,efficiency
EIA Annual Energy Outlook 2023,ref2023,km_per_pj,lcv,ice_g,2043,486386735.3567622,freight,yearly,national,no_comment,all,road,efficiency
EIA Annual Energy Outlook 2023,ref2023,km_per_pj,lcv,ice_g,2044,486162709.0673193,freight,yearly,national,no_comment,all,road,efficiency
EIA Annual Energy Outlook 2023,ref2023,km_per_pj,lcv,ice_g,2045,486033688.0663135,freight,yearly,national,no_comment,all,road,efficiency
EIA Annual Energy Outlook 2023,ref2023,km_per_pj,lcv,ice_g,2046,485868343.85410875,freight,yearly,national,no_comment,all,road,efficiency
EIA Annual Energy Outlook 2023,ref2023,km_per_pj,lcv,ice_g,2047,485675074.01192755,freight,yearly,national,no_comment,all,road,efficiency
EIA Annual Energy Outlook 2023,ref2023,km_per_pj,lcv,ice_g,2048,485514479.45207614,freight,yearly,national,no_comment,all,road,efficiency
EIA Annual Energy Outlook 2023,ref2023,km_per_pj,lcv,ice_g,2049,486899538.6730773,freight,yearly,national,no_comment,all,road,efficiency
EIA Annual Energy Outlook 2023,ref2023,km_per_pj,lcv,ice_g,2050,486711321.45720744,freight,yearly,national,no_comment,all,road,efficiency
EIA Annual Energy Outlook 2023,ref2023,km_per_pj,lcv,lpg,2022,568209922.0097678,freight,yearly,national,no_comment,all,road,efficiency
EIA Annual Energy Outlook 2023,ref2023,km_per_pj,lcv,lpg,2023,599514625.8793331,freight,yearly,national,no_comment,all,road,efficiency
EIA Annual Energy Outlook 2023,ref2023,km_per_pj,lcv,lpg,2024,611644546.7870481,freight,yearly,national,no_comment,all,road,efficiency
EIA Annual Energy Outlook 2023,ref2023,km_per_pj,lcv,lpg,2025,632439194.5221148,freight,yearly,national,no_comment,all,road,efficiency
EIA Annual Energy Outlook 2023,ref2023,km_per_pj,lcv,lpg,2026,650978419.1041191,freight,yearly,national,no_comment,all,road,efficiency
EIA Annual Energy Outlook 2023,ref2023,km_per_pj,lcv,lpg,2027,657076698.7318263,freight,yearly,national,no_comment,all,road,efficiency
EIA Annual Energy Outlook 2023,ref2023,km_per_pj,lcv,lpg,2028,678277771.0609807,freight,yearly,national,no_comment,all,road,efficiency
EIA Annual Energy Outlook 2023,ref2023,km_per_pj,lcv,lpg,2029,680765185.6198877,freight,yearly,national,no_comment,all,road,efficiency
EIA Annual Energy Outlook 2023,ref2023,km_per_pj,lcv,lpg,2030,682660345.7341067,freight,yearly,national,no_comment,all,road,efficiency
EIA Annual Energy Outlook 2023,ref2023,km_per_pj,lcv,lpg,2031,684553493.6779687,freight,yearly,national,no_comment,all,road,efficiency
EIA Annual Energy Outlook 2023,ref2023,km_per_pj,lcv,lpg,2032,686868436.4920057,freight,yearly,national,no_comment,all,road,efficiency
EIA Annual Energy Outlook 2023,ref2023,km_per_pj,lcv,lpg,2033,690870119.1528825,freight,yearly,national,no_comment,all,road,efficiency
EIA Annual Energy Outlook 2023,ref2023,km_per_pj,lcv,lpg,2034,694315783.3444884,freight,yearly,national,no_comment,all,road,efficiency
EIA Annual Energy Outlook 2023,ref2023,km_per_pj,lcv,lpg,2035,697809841.0786257,freight,yearly,national,no_comment,all,road,efficiency
EIA Annual Energy Outlook 2023,ref2023,km_per_pj,lcv,lpg,2036,700689611.9481173,freight,yearly,national,no_comment,all,road,efficiency
EIA Annual Energy Outlook 2023,ref2023,km_per_pj,lcv,lpg,2037,703577397.6810472,freight,yearly,national,no_comment,all,road,efficiency
EIA Annual Energy Outlook 2023,ref2023,km_per_pj,lcv,lpg,2038,706125650.8025073,freight,yearly,national,no_comment,all,road,efficiency
EIA Annual Energy Outlook 2023,ref2023,km_per_pj,lcv,lpg,2039,709785923.9535143,freight,yearly,national,no_comment,all,road,efficiency
EIA Annual Energy Outlook 2023,ref2023,km_per_pj,lcv,lpg,2040,710958900.9085765,freight,yearly,national,no_comment,all,road,efficiency
EIA Annual Energy Outlook 2023,ref2023,km_per_pj,lcv,lpg,2041,712180000.8622563,freight,yearly,national,no_comment,all,road,efficiency
EIA Annual Energy Outlook 2023,ref2023,km_per_pj,lcv,lpg,2042,712969701.6368314,freight,yearly,national,no_comment,all,road,efficiency
EIA Annual Energy Outlook 2023,ref2023,km_per_pj,lcv,lpg,2043,713512632.5442854,freight,yearly,national,no_comment,all,road,efficiency
EIA Annual Energy Outlook 2023,ref2023,km_per_pj,lcv,lpg,2044,713124131.4844685,freight,yearly,national,no_comment,all,road,efficiency
EIA Annual Energy Outlook 2023,ref2023,km_per_pj,lcv,lpg,2045,712945910.6814361,freight,yearly,national,no_comment,all,road,efficiency
EIA Annual Energy Outlook 2023,ref2023,km_per_pj,lcv,lpg,2046,712682603.8176012,freight,yearly,national,no_comment,all,road,efficiency
EIA Annual Energy Outlook 2023,ref2023,km_per_pj,lcv,lpg,2047,712451812.9503726,freight,yearly,national,no_comment,all,road,efficiency
EIA Annual Energy Outlook 2023,ref2023,km_per_pj,lcv,lpg,2048,712254366.6204857,freight,yearly,national,no_comment,all,road,efficiency
EIA Annual Energy Outlook 2023,ref2023,km_per_pj,lcv,lpg,2049,715158672.4411348,freight,yearly,national,no_comment,all,road,efficiency
EIA Annual Energy Outlook 2023,ref2023,km_per_pj,lcv,lpg,2050,714888280.7085645,freight,yearly,national,no_comment,all,road,efficiency
EIA Annual Energy Outlook 2023,ref2023,km_per_pj,lcv,phev_g,2022,603893171.3004445,freight,yearly,national,no_comment,all,road,efficiency
EIA Annual Energy Outlook 2023,ref2023,km_per_pj,lcv,phev_g,2023,620807466.7782018,freight,yearly,national,no_comment,all,road,efficiency
EIA Annual Energy Outlook 2023,ref2023,km_per_pj,lcv,phev_g,2024,635218009.9489584,freight,yearly,national,no_comment,all,road,efficiency
EIA Annual Energy Outlook 2023,ref2023,km_per_pj,lcv,phev_g,2025,661389227.9064051,freight,yearly,national,no_comment,all,road,efficiency
EIA Annual Energy Outlook 2023,ref2023,km_per_pj,lcv,phev_g,2026,677516338.8944993,freight,yearly,national,no_comment,all,road,efficiency
EIA Annual Energy Outlook 2023,ref2023,km_per_pj,lcv,phev_g,2027,684949651.9393512,freight,yearly,national,no_comment,all,road,efficiency
EIA Annual Energy Outlook 2023,ref2023,km_per_pj,lcv,phev_g,2028,698230729.6167092,freight,yearly,national,no_comment,all,road,efficiency
EIA Annual Energy Outlook 2023,ref2023,km_per_pj,lcv,phev_g,2029,700349744.781381,freight,yearly,national,no_comment,all,road,efficiency
EIA Annual Energy Outlook 2023,ref2023,km_per_pj,lcv,phev_g,2030,700905686.692781,freight,yearly,national,no_comment,all,road,efficiency
EIA Annual Energy Outlook 2023,ref2023,km_per_pj,lcv,phev_g,2031,701664893.5266362,freight,yearly,national,no_comment,all,road,efficiency
EIA Annual Energy Outlook 2023,ref2023,km_per_pj,lcv,phev_g,2032,703040409.0679573,freight,yearly,national,no_comment,all,road,efficiency
EIA Annual Energy Outlook 2023,ref2023,km_per_pj,lcv,phev_g,2033,705017150.4162138,freight,yearly,national,no_comment,all,road,efficiency
EIA Annual Energy Outlook 2023,ref2023,km_per_pj,lcv,phev_g,2034,706670860.3182745,freight,yearly,national,no_comment,all,road,efficiency
EIA Annual Energy Outlook 2023,ref2023,km_per_pj,lcv,phev_g,2035,708534070.591676,freight,yearly,national,no_comment,all,road,efficiency
EIA Annual Energy Outlook 2023,ref2023,km_per_pj,lcv,phev_g,2036,710157437.1927816,freight,yearly,national,no_comment,all,road,efficiency
EIA Annual Energy Outlook 2023,ref2023,km_per_pj,lcv,phev_g,2037,711608876.7838655,freight,yearly,national,no_comment,all,road,efficiency
EIA Annual Energy Outlook 2023,ref2023,km_per_pj,lcv,phev_g,2038,712907640.4526391,freight,yearly,national,no_comment,all,road,efficiency
EIA Annual Energy Outlook 2023,ref2023,km_per_pj,lcv,phev_g,2039,714720944.1823868,freight,yearly,national,no_comment,all,road,efficiency
EIA Annual Energy Outlook 2023,ref2023,km_per_pj,lcv,phev_g,2040,715188745.1547234,freight,yearly,national,no_comment,all,road,efficiency
EIA Annual Energy Outlook 2023,ref2023,km_per_pj,lcv,phev_g,2041,715707041.7867434,freight,yearly,national,no_comment,all,road,efficiency
EIA Annual Energy Outlook 2023,ref2023,km_per_pj,lcv,phev_g,2042,716161724.5987629,freight,yearly,national,no_comment,all,road,efficiency
EIA Annual Energy Outlook 2023,ref2023,km_per_pj,lcv,phev_g,2043,716437874.6503712,freight,yearly,national,no_comment,all,road,efficiency
EIA Annual Energy Outlook 2023,ref2023,km_per_pj,lcv,phev_g,2044,716236534.6836697,freight,yearly,national,no_comment,all,road,efficiency
EIA Annual Energy Outlook 2023,ref2023,km_per_pj,lcv,phev_g,2045,716076468.0329876,freight,yearly,national,no_comment,all,road,efficiency
EIA Annual Energy Outlook 2023,ref2023,km_per_pj,lcv,phev_g,2046,715950152.3752037,freight,yearly,national,no_comment,all,road,efficiency
EIA Annual Energy Outlook 2023,ref2023,km_per_pj,lcv,phev_g,2047,715724673.953002,freight,yearly,national,no_comment,all,road,efficiency
EIA Annual Energy Outlook 2023,ref2023,km_per_pj,lcv,phev_g,2048,715595880.9475505,freight,yearly,national,no_comment,all,road,efficiency
EIA Annual Energy Outlook 2023,ref2023,km_per_pj,lcv,phev_g,2049,717203038.4418977,freight,yearly,national,no_comment,all,road,efficiency
EIA Annual Energy Outlook 2023,ref2023,km_per_pj,lcv,phev_g,2050,717014319.329774,freight,yearly,national,no_comment,all,road,efficiency
EIA Annual Energy Outlook 2023,ref2023,km_per_pj,lt,bev,2022,982486272.2933162,passenger,yearly,national,no_comment,all,road,efficiency
EIA Annual Energy Outlook 2023,ref2023,km_per_pj,lt,bev,2023,991246185.8869709,passenger,yearly,national,no_comment,all,road,efficiency
EIA Annual Energy Outlook 2023,ref2023,km_per_pj,lt,bev,2024,1000392674.664967,passenger,yearly,national,no_comment,all,road,efficiency
EIA Annual Energy Outlook 2023,ref2023,km_per_pj,lt,bev,2025,1012212093.9598926,passenger,yearly,national,no_comment,all,road,efficiency
EIA Annual Energy Outlook 2023,ref2023,km_per_pj,lt,bev,2026,1021658660.3873637,passenger,yearly,national,no_comment,all,road,efficiency
EIA Annual Energy Outlook 2023,ref2023,km_per_pj,lt,bev,2027,1022937697.6971563,passenger,yearly,national,no_comment,all,road,efficiency
EIA Annual Energy Outlook 2023,ref2023,km_per_pj,lt,bev,2028,1025482110.9455398,passenger,yearly,national,no_comment,all,road,efficiency
EIA Annual Energy Outlook 2023,ref2023,km_per_pj,lt,bev,2029,1025686678.9620495,passenger,yearly,national,no_comment,all,road,efficiency
EIA Annual Energy Outlook 2023,ref2023,km_per_pj,lt,bev,2030,1025984550.7162821,passenger,yearly,national,no_comment,all,road,efficiency
EIA Annual Energy Outlook 2023,ref2023,km_per_pj,lt,bev,2031,1026203845.1033614,passenger,yearly,national,no_comment,all,road,efficiency
EIA Annual Energy Outlook 2023,ref2023,km_per_pj,lt,bev,2032,1026489666.4509532,passenger,yearly,national,no_comment,all,road,efficiency
EIA Annual Energy Outlook 2023,ref2023,km_per_pj,lt,bev,2033,1026700587.739554,passenger,yearly,national,no_comment,all,road,efficiency
EIA Annual Energy Outlook 2023,ref2023,km_per_pj,lt,bev,2034,1026886012.6984606,passenger,yearly,national,no_comment,all,road,efficiency
EIA Annual Energy Outlook 2023,ref2023,km_per_pj,lt,bev,2035,1026923370.9176658,passenger,yearly,national,no_comment,all,road,efficiency
EIA Annual Energy Outlook 2023,ref2023,km_per_pj,lt,bev,2036,1027015996.4833777,passenger,yearly,national,no_comment,all,road,efficiency
EIA Annual Energy Outlook 2023,ref2023,km_per_pj,lt,bev,2037,1027126445.4867861,passenger,yearly,national,no_comment,all,road,efficiency
EIA Annual Energy Outlook 2023,ref2023,km_per_pj,lt,bev,2038,1027243507.2793729,passenger,yearly,national,no_comment,all,road,efficiency
EIA Annual Energy Outlook 2023,ref2023,km_per_pj,lt,bev,2039,1027381783.3697131,passenger,yearly,national,no_comment,all,road,efficiency
EIA Annual Energy Outlook 2023,ref2023,km_per_pj,lt,bev,2040,1027470925.0409409,passenger,yearly,national,no_comment,all,road,efficiency
EIA Annual Energy Outlook 2023,ref2023,km_per_pj,lt,bev,2041,1027574629.0483528,passenger,yearly,national,no_comment,all,road,efficiency
EIA Annual Energy Outlook 2023,ref2023,km_per_pj,lt,bev,2042,1027703266.282345,passenger,yearly,national,no_comment,all,road,efficiency
EIA Annual Energy Outlook 2023,ref2023,km_per_pj,lt,bev,2043,1027821375.9363791,passenger,yearly,national,no_comment,all,road,efficiency
EIA Annual Energy Outlook 2023,ref2023,km_per_pj,lt,bev,2044,1027821375.9363791,passenger,yearly,national,no_comment,all,road,efficiency
EIA Annual Energy Outlook 2023,ref2023,km_per_pj,lt,bev,2045,1027855502.4333645,passenger,yearly,national,no_comment,all,road,efficiency
EIA Annual Energy Outlook 2023,ref2023,km_per_pj,lt,bev,2046,1027855502.4333645,passenger,yearly,national,no_comment,all,road,efficiency
EIA Annual Energy Outlook 2023,ref2023,km_per_pj,lt,bev,2047,1027855801.1228424,passenger,yearly,national,no_comment,all,road,efficiency
EIA Annual Energy Outlook 2023,ref2023,km_per_pj,lt,bev,2048,1027856398.501798,passenger,yearly,national,no_comment,all,road,efficiency
EIA Annual Energy Outlook 2023,ref2023,km_per_pj,lt,bev,2049,1028158958.7015238,passenger,yearly,national,no_comment,all,road,efficiency
EIA Annual Energy Outlook 2023,ref2023,km_per_pj,lt,bev,2050,1028160038.3905382,passenger,yearly,national,no_comment,all,road,efficiency
EIA Annual Energy Outlook 2023,ref2023,km_per_pj,lt,cng,2022,295063712.0482286,passenger,yearly,national,no_comment,all,road,efficiency
EIA Annual Energy Outlook 2023,ref2023,km_per_pj,lt,cng,2023,299282809.08960426,passenger,yearly,national,no_comment,all,road,efficiency
EIA Annual Energy Outlook 2023,ref2023,km_per_pj,lt,cng,2024,303371858.79776204,passenger,yearly,national,no_comment,all,road,efficiency
EIA Annual Energy Outlook 2023,ref2023,km_per_pj,lt,cng,2025,314434034.55753124,passenger,yearly,national,no_comment,all,road,efficiency
EIA Annual Energy Outlook 2023,ref2023,km_per_pj,lt,cng,2026,321877950.91933924,passenger,yearly,national,no_comment,all,road,efficiency
EIA Annual Energy Outlook 2023,ref2023,km_per_pj,lt,cng,2027,324715029.6530707,passenger,yearly,national,no_comment,all,road,efficiency
EIA Annual Energy Outlook 2023,ref2023,km_per_pj,lt,cng,2028,331763454.9451711,passenger,yearly,national,no_comment,all,road,efficiency
EIA Annual Energy Outlook 2023,ref2023,km_per_pj,lt,cng,2029,333224441.6049405,passenger,yearly,national,no_comment,all,road,efficiency
EIA Annual Energy Outlook 2023,ref2023,km_per_pj,lt,cng,2030,333404434.20498145,passenger,yearly,national,no_comment,all,road,efficiency
EIA Annual Energy Outlook 2023,ref2023,km_per_pj,lt,cng,2031,333829360.6197255,passenger,yearly,national,no_comment,all,road,efficiency
EIA Annual Energy Outlook 2023,ref2023,km_per_pj,lt,cng,2032,334597204.6815473,passenger,yearly,national,no_comment,all,road,efficiency
EIA Annual Energy Outlook 2023,ref2023,km_per_pj,lt,cng,2033,335743626.85747266,passenger,yearly,national,no_comment,all,road,efficiency
EIA Annual Energy Outlook 2023,ref2023,km_per_pj,lt,cng,2034,337161006.74383545,passenger,yearly,national,no_comment,all,road,efficiency
EIA Annual Energy Outlook 2023,ref2023,km_per_pj,lt,cng,2035,339092804.326788,passenger,yearly,national,no_comment,all,road,efficiency
EIA Annual Energy Outlook 2023,ref2023,km_per_pj,lt,cng,2036,340570776.0876149,passenger,yearly,national,no_comment,all,road,efficiency
EIA Annual Energy Outlook 2023,ref2023,km_per_pj,lt,cng,2037,341677095.6978761,passenger,yearly,national,no_comment,all,road,efficiency
EIA Annual Energy Outlook 2023,ref2023,km_per_pj,lt,cng,2038,342611801.88719803,passenger,yearly,national,no_comment,all,road,efficiency
EIA Annual Energy Outlook 2023,ref2023,km_per_pj,lt,cng,2039,343686975.274525,passenger,yearly,national,no_comment,all,road,efficiency
EIA Annual Energy Outlook 2023,ref2023,km_per_pj,lt,cng,2040,344114303.1022219,passenger,yearly,national,no_comment,all,road,efficiency
EIA Annual Energy Outlook 2023,ref2023,km_per_pj,lt,cng,2041,344482378.8995916,passenger,yearly,national,no_comment,all,road,efficiency
EIA Annual Energy Outlook 2023,ref2023,km_per_pj,lt,cng,2042,344750162.21007407,passenger,yearly,national,no_comment,all,road,efficiency
EIA Annual Energy Outlook 2023,ref2023,km_per_pj,lt,cng,2043,344883765.28350115,passenger,yearly,national,no_comment,all,road,efficiency
EIA Annual Energy Outlook 2023,ref2023,km_per_pj,lt,cng,2044,344709863.82103604,passenger,yearly,national,no_comment,all,road,efficiency
EIA Annual Energy Outlook 2023,ref2023,km_per_pj,lt,cng,2045,344559007.67772406,passenger,yearly,national,no_comment,all,road,efficiency
EIA Annual Energy Outlook 2023,ref2023,km_per_pj,lt,cng,2046,344411655.74215454,passenger,yearly,national,no_comment,all,road,efficiency
EIA Annual Energy Outlook 2023,ref2023,km_per_pj,lt,cng,2047,344207010.0099961,passenger,yearly,national,no_comment,all,road,efficiency
EIA Annual Energy Outlook 2023,ref2023,km_per_pj,lt,cng,2048,344043889.1395857,passenger,yearly,national,no_comment,all,road,efficiency
EIA Annual Energy Outlook 2023,ref2023,km_per_pj,lt,cng,2049,344830016.9206282,passenger,yearly,national,no_comment,all,road,efficiency
EIA Annual Energy Outlook 2023,ref2023,km_per_pj,lt,cng,2050,344633554.54419774,passenger,yearly,national,no_comment,all,road,efficiency
EIA Annual Energy Outlook 2023,ref2023,km_per_pj,lt,fcev,2022,504962803.21024305,passenger,yearly,national,no_comment,all,road,efficiency
EIA Annual Energy Outlook 2023,ref2023,km_per_pj,lt,fcev,2023,504962803.21024305,passenger,yearly,national,no_comment,all,road,efficiency
EIA Annual Energy Outlook 2023,ref2023,km_per_pj,lt,fcev,2024,504962803.21024305,passenger,yearly,national,no_comment,all,road,efficiency
EIA Annual Energy Outlook 2023,ref2023,km_per_pj,lt,fcev,2025,504962803.21024305,passenger,yearly,national,no_comment,all,road,efficiency
EIA Annual Energy Outlook 2023,ref2023,km_per_pj,lt,fcev,2026,506183561.7960063,passenger,yearly,national,no_comment,all,road,efficiency
EIA Annual Energy Outlook 2023,ref2023,km_per_pj,lt,fcev,2027,507334324.21641934,passenger,yearly,national,no_comment,all,road,efficiency
EIA Annual Energy Outlook 2023,ref2023,km_per_pj,lt,fcev,2028,509322775.96720773,passenger,yearly,national,no_comment,all,road,efficiency
EIA Annual Energy Outlook 2023,ref2023,km_per_pj,lt,fcev,2029,509381008.1740234,passenger,yearly,national,no_comment,all,road,efficiency
EIA Annual Energy Outlook 2023,ref2023,km_per_pj,lt,fcev,2030,509460809.67838126,passenger,yearly,national,no_comment,all,road,efficiency
EIA Annual Energy Outlook 2023,ref2023,km_per_pj,lt,fcev,2031,509552105.83108896,passenger,yearly,national,no_comment,all,road,efficiency
EIA Annual Energy Outlook 2023,ref2023,km_per_pj,lt,fcev,2032,509654651.8047056,passenger,yearly,national,no_comment,all,road,efficiency
EIA Annual Energy Outlook 2023,ref2023,km_per_pj,lt,fcev,2033,509598341.493301,passenger,yearly,national,no_comment,all,road,efficiency
EIA Annual Energy Outlook 2023,ref2023,km_per_pj,lt,fcev,2034,509637844.4008885,passenger,yearly,national,no_comment,all,road,efficiency
EIA Annual Energy Outlook 2023,ref2023,km_per_pj,lt,fcev,2035,509635787.850385,passenger,yearly,national,no_comment,all,road,efficiency
EIA Annual Energy Outlook 2023,ref2023,km_per_pj,lt,fcev,2036,509645874.7409497,passenger,yearly,national,no_comment,all,road,efficiency
EIA Annual Energy Outlook 2023,ref2023,km_per_pj,lt,fcev,2037,509629116.30262077,passenger,yearly,national,no_comment,all,road,efficiency
EIA Annual Energy Outlook 2023,ref2023,km_per_pj,lt,fcev,2038,509619959.75633156,passenger,yearly,national,no_comment,all,road,efficiency
EIA Annual Energy Outlook 2023,ref2023,km_per_pj,lt,fcev,2039,509613606.4842404,passenger,yearly,national,no_comment,all,road,efficiency
EIA Annual Energy Outlook 2023,ref2023,km_per_pj,lt,fcev,2040,509632005.2664233,passenger,yearly,national,no_comment,all,road,efficiency
EIA Annual Energy Outlook 2023,ref2023,km_per_pj,lt,fcev,2041,509703409.18955874,passenger,yearly,national,no_comment,all,road,efficiency
EIA Annual Energy Outlook 2023,ref2023,km_per_pj,lt,fcev,2042,509797312.7545119,passenger,yearly,national,no_comment,all,road,efficiency
EIA Annual Energy Outlook 2023,ref2023,km_per_pj,lt,fcev,2043,509882353.5661048,passenger,yearly,national,no_comment,all,road,efficiency
EIA Annual Energy Outlook 2023,ref2023,km_per_pj,lt,fcev,2044,509882353.5661048,passenger,yearly,national,no_comment,all,road,efficiency
EIA Annual Energy Outlook 2023,ref2023,km_per_pj,lt,fcev,2045,509904302.34618056,passenger,yearly,national,no_comment,all,road,efficiency
EIA Annual Energy Outlook 2023,ref2023,km_per_pj,lt,fcev,2046,509904302.34618056,passenger,yearly,national,no_comment,all,road,efficiency
EIA Annual Energy Outlook 2023,ref2023,km_per_pj,lt,fcev,2047,509904902.17341083,passenger,yearly,national,no_comment,all,road,efficiency
EIA Annual Energy Outlook 2023,ref2023,km_per_pj,lt,fcev,2048,509906212.0002196,passenger,yearly,national,no_comment,all,road,efficiency
EIA Annual Energy Outlook 2023,ref2023,km_per_pj,lt,fcev,2049,510133950.48573494,passenger,yearly,national,no_comment,all,road,efficiency
EIA Annual Energy Outlook 2023,ref2023,km_per_pj,lt,fcev,2050,510137316.8630472,passenger,yearly,national,no_comment,all,road,efficiency
EIA Annual Energy Outlook 2023,ref2023,km_per_pj,lt,ice_d,2022,383769137.8843276,passenger,yearly,national,no_comment,all,road,efficiency
EIA Annual Energy Outlook 2023,ref2023,km_per_pj,lt,ice_d,2023,387680529.1331227,passenger,yearly,national,no_comment,all,road,efficiency
EIA Annual Energy Outlook 2023,ref2023,km_per_pj,lt,ice_d,2024,392007709.9125628,passenger,yearly,national,no_comment,all,road,efficiency
EIA Annual Energy Outlook 2023,ref2023,km_per_pj,lt,ice_d,2025,403331185.504246,passenger,yearly,national,no_comment,all,road,efficiency
EIA Annual Energy Outlook 2023,ref2023,km_per_pj,lt,ice_d,2026,409198564.90012926,passenger,yearly,national,no_comment,all,road,efficiency
EIA Annual Energy Outlook 2023,ref2023,km_per_pj,lt,ice_d,2027,412847859.52101755,passenger,yearly,national,no_comment,all,road,efficiency
EIA Annual Energy Outlook 2023,ref2023,km_per_pj,lt,ice_d,2028,420656178.8081108,passenger,yearly,national,no_comment,all,road,efficiency
EIA Annual Energy Outlook 2023,ref2023,km_per_pj,lt,ice_d,2029,421641576.6679807,passenger,yearly,national,no_comment,all,road,efficiency
EIA Annual Energy Outlook 2023,ref2023,km_per_pj,lt,ice_d,2030,422118695.98753005,passenger,yearly,national,no_comment,all,road,efficiency
EIA Annual Energy Outlook 2023,ref2023,km_per_pj,lt,ice_d,2031,422647654.7712262,passenger,yearly,national,no_comment,all,road,efficiency
EIA Annual Energy Outlook 2023,ref2023,km_per_pj,lt,ice_d,2032,423356766.8012886,passenger,yearly,national,no_comment,all,road,efficiency
EIA Annual Energy Outlook 2023,ref2023,km_per_pj,lt,ice_d,2033,424828192.9629033,passenger,yearly,national,no_comment,all,road,efficiency
EIA Annual Energy Outlook 2023,ref2023,km_per_pj,lt,ice_d,2034,426359245.6167434,passenger,yearly,national,no_comment,all,road,efficiency
EIA Annual Energy Outlook 2023,ref2023,km_per_pj,lt,ice_d,2035,428070899.55803275,passenger,yearly,national,no_comment,all,road,efficiency
EIA Annual Energy Outlook 2023,ref2023,km_per_pj,lt,ice_d,2036,429426742.22869474,passenger,yearly,national,no_comment,all,road,efficiency
EIA Annual Energy Outlook 2023,ref2023,km_per_pj,lt,ice_d,2037,430658210.9164123,passenger,yearly,national,no_comment,all,road,efficiency
EIA Annual Energy Outlook 2023,ref2023,km_per_pj,lt,ice_d,2038,431786489.447927,passenger,yearly,national,no_comment,all,road,efficiency
EIA Annual Energy Outlook 2023,ref2023,km_per_pj,lt,ice_d,2039,433155143.871871,passenger,yearly,national,no_comment,all,road,efficiency
EIA Annual Energy Outlook 2023,ref2023,km_per_pj,lt,ice_d,2040,433619436.62686294,passenger,yearly,national,no_comment,all,road,efficiency
EIA Annual Energy Outlook 2023,ref2023,km_per_pj,lt,ice_d,2041,434055602.76973647,passenger,yearly,national,no_comment,all,road,efficiency
EIA Annual Energy Outlook 2023,ref2023,km_per_pj,lt,ice_d,2042,434343967.19469005,passenger,yearly,national,no_comment,all,road,efficiency
EIA Annual Energy Outlook 2023,ref2023,km_per_pj,lt,ice_d,2043,434467382.1475479,passenger,yearly,national,no_comment,all,road,efficiency
EIA Annual Energy Outlook 2023,ref2023,km_per_pj,lt,ice_d,2044,434162714.2111201,passenger,yearly,national,no_comment,all,road,efficiency
EIA Annual Energy Outlook 2023,ref2023,km_per_pj,lt,ice_d,2045,433892504.7070744,passenger,yearly,national,no_comment,all,road,efficiency
EIA Annual Energy Outlook 2023,ref2023,km_per_pj,lt,ice_d,2046,433645382.2786684,passenger,yearly,national,no_comment,all,road,efficiency
EIA Annual Energy Outlook 2023,ref2023,km_per_pj,lt,ice_d,2047,433290378.2225542,passenger,yearly,national,no_comment,all,road,efficiency
EIA Annual Energy Outlook 2023,ref2023,km_per_pj,lt,ice_d,2048,432992053.2148466,passenger,yearly,national,no_comment,all,road,efficiency
EIA Annual Energy Outlook 2023,ref2023,km_per_pj,lt,ice_d,2049,434099858.8608422,passenger,yearly,national,no_comment,all,road,efficiency
EIA Annual Energy Outlook 2023,ref2023,km_per_pj,lt,ice_d,2050,433788847.9956942,passenger,yearly,national,no_comment,all,road,efficiency
EIA Annual Energy Outlook 2023,ref2023,km_per_pj,lt,ice_g,2022,370300794.3458069,passenger,yearly,national,no_comment,all,road,efficiency
EIA Annual Energy Outlook 2023,ref2023,km_per_pj,lt,ice_g,2023,379674796.36807257,passenger,yearly,national,no_comment,all,road,efficiency
EIA Annual Energy Outlook 2023,ref2023,km_per_pj,lt,ice_g,2024,386574653.88185596,passenger,yearly,national,no_comment,all,road,efficiency
EIA Annual Energy Outlook 2023,ref2023,km_per_pj,lt,ice_g,2025,403916034.50841564,passenger,yearly,national,no_comment,all,road,efficiency
EIA Annual Energy Outlook 2023,ref2023,km_per_pj,lt,ice_g,2026,411904170.3992396,passenger,yearly,national,no_comment,all,road,efficiency
EIA Annual Energy Outlook 2023,ref2023,km_per_pj,lt,ice_g,2027,416960383.4326059,passenger,yearly,national,no_comment,all,road,efficiency
EIA Annual Energy Outlook 2023,ref2023,km_per_pj,lt,ice_g,2028,429852951.5848167,passenger,yearly,national,no_comment,all,road,efficiency
EIA Annual Energy Outlook 2023,ref2023,km_per_pj,lt,ice_g,2029,431260085.0599571,passenger,yearly,national,no_comment,all,road,efficiency
EIA Annual Energy Outlook 2023,ref2023,km_per_pj,lt,ice_g,2030,431810000.13585377,passenger,yearly,national,no_comment,all,road,efficiency
EIA Annual Energy Outlook 2023,ref2023,km_per_pj,lt,ice_g,2031,432462318.3693598,passenger,yearly,national,no_comment,all,road,efficiency
EIA Annual Energy Outlook 2023,ref2023,km_per_pj,lt,ice_g,2032,433580494.2573903,passenger,yearly,national,no_comment,all,road,efficiency
EIA Annual Energy Outlook 2023,ref2023,km_per_pj,lt,ice_g,2033,435558557.16377044,passenger,yearly,national,no_comment,all,road,efficiency
EIA Annual Energy Outlook 2023,ref2023,km_per_pj,lt,ice_g,2034,437626936.9130946,passenger,yearly,national,no_comment,all,road,efficiency
EIA Annual Energy Outlook 2023,ref2023,km_per_pj,lt,ice_g,2035,440034480.19674045,passenger,yearly,national,no_comment,all,road,efficiency
EIA Annual Energy Outlook 2023,ref2023,km_per_pj,lt,ice_g,2036,442078552.6616416,passenger,yearly,national,no_comment,all,road,efficiency
EIA Annual Energy Outlook 2023,ref2023,km_per_pj,lt,ice_g,2037,444045602.41363907,passenger,yearly,national,no_comment,all,road,efficiency
EIA Annual Energy Outlook 2023,ref2023,km_per_pj,lt,ice_g,2038,445990797.2360797,passenger,yearly,national,no_comment,all,road,efficiency
EIA Annual Energy Outlook 2023,ref2023,km_per_pj,lt,ice_g,2039,448301645.9219461,passenger,yearly,national,no_comment,all,road,efficiency
EIA Annual Energy Outlook 2023,ref2023,km_per_pj,lt,ice_g,2040,449172354.313183,passenger,yearly,national,no_comment,all,road,efficiency
EIA Annual Energy Outlook 2023,ref2023,km_per_pj,lt,ice_g,2041,449925765.87748957,passenger,yearly,national,no_comment,all,road,efficiency
EIA Annual Energy Outlook 2023,ref2023,km_per_pj,lt,ice_g,2042,450444126.7767129,passenger,yearly,national,no_comment,all,road,efficiency
EIA Annual Energy Outlook 2023,ref2023,km_per_pj,lt,ice_g,2043,450693295.82422084,passenger,yearly,national,no_comment,all,road,efficiency
EIA Annual Energy Outlook 2023,ref2023,km_per_pj,lt,ice_g,2044,450439862.69878405,passenger,yearly,national,no_comment,all,road,efficiency
EIA Annual Energy Outlook 2023,ref2023,km_per_pj,lt,ice_g,2045,450258576.13972014,passenger,yearly,national,no_comment,all,road,efficiency
EIA Annual Energy Outlook 2023,ref2023,km_per_pj,lt,ice_g,2046,450034159.14648604,passenger,yearly,national,no_comment,all,road,efficiency
EIA Annual Energy Outlook 2023,ref2023,km_per_pj,lt,ice_g,2047,449730524.15429497,passenger,yearly,national,no_comment,all,road,efficiency
EIA Annual Energy Outlook 2023,ref2023,km_per_pj,lt,ice_g,2048,449478290.68331856,passenger,yearly,national,no_comment,all,road,efficiency
EIA Annual Energy Outlook 2023,ref2023,km_per_pj,lt,ice_g,2049,450681956.2332504,passenger,yearly,national,no_comment,all,road,efficiency
EIA Annual Energy Outlook 2023,ref2023,km_per_pj,lt,ice_g,2050,450382107.90547824,passenger,yearly,national,no_comment,all,road,efficiency
EIA Annual Energy Outlook 2023,ref2023,km_per_pj,lt,lpg,2022,466914273.3555529,passenger,yearly,national,no_comment,all,road,efficiency
EIA Annual Energy Outlook 2023,ref2023,km_per_pj,lt,lpg,2023,473586427.3508232,passenger,yearly,national,no_comment,all,road,efficiency
EIA Annual Energy Outlook 2023,ref2023,km_per_pj,lt,lpg,2024,480300904.559565,passenger,yearly,national,no_comment,all,road,efficiency
EIA Annual Energy Outlook 2023,ref2023,km_per_pj,lt,lpg,2025,497685870.443524,passenger,yearly,national,no_comment,all,road,efficiency
EIA Annual Energy Outlook 2023,ref2023,km_per_pj,lt,lpg,2026,509011870.11220944,passenger,yearly,national,no_comment,all,road,efficiency
EIA Annual Energy Outlook 2023,ref2023,km_per_pj,lt,lpg,2027,513604099.40932006,passenger,yearly,national,no_comment,all,road,efficiency
EIA Annual Energy Outlook 2023,ref2023,km_per_pj,lt,lpg,2028,525100761.5604539,passenger,yearly,national,no_comment,all,road,efficiency
EIA Annual Energy Outlook 2023,ref2023,km_per_pj,lt,lpg,2029,527506454.94848275,passenger,yearly,national,no_comment,all,road,efficiency
EIA Annual Energy Outlook 2023,ref2023,km_per_pj,lt,lpg,2030,527790830.41958314,passenger,yearly,national,no_comment,all,road,efficiency
EIA Annual Energy Outlook 2023,ref2023,km_per_pj,lt,lpg,2031,528537058.1690542,passenger,yearly,national,no_comment,all,road,efficiency
EIA Annual Energy Outlook 2023,ref2023,km_per_pj,lt,lpg,2032,530002560.7306116,passenger,yearly,national,no_comment,all,road,efficiency
EIA Annual Energy Outlook 2023,ref2023,km_per_pj,lt,lpg,2033,531879036.405803,passenger,yearly,national,no_comment,all,road,efficiency
EIA Annual Energy Outlook 2023,ref2023,km_per_pj,lt,lpg,2034,534178778.03369904,passenger,yearly,national,no_comment,all,road,efficiency
EIA Annual Energy Outlook 2023,ref2023,km_per_pj,lt,lpg,2035,537052918.2079905,passenger,yearly,national,no_comment,all,road,efficiency
EIA Annual Energy Outlook 2023,ref2023,km_per_pj,lt,lpg,2036,539297874.6933984,passenger,yearly,national,no_comment,all,road,efficiency
EIA Annual Energy Outlook 2023,ref2023,km_per_pj,lt,lpg,2037,541006105.8723685,passenger,yearly,national,no_comment,all,road,efficiency
EIA Annual Energy Outlook 2023,ref2023,km_per_pj,lt,lpg,2038,542495010.4824456,passenger,yearly,national,no_comment,all,road,efficiency
EIA Annual Energy Outlook 2023,ref2023,km_per_pj,lt,lpg,2039,544284709.1973749,passenger,yearly,national,no_comment,all,road,efficiency
EIA Annual Energy Outlook 2023,ref2023,km_per_pj,lt,lpg,2040,544963470.0584114,passenger,yearly,national,no_comment,all,road,efficiency
EIA Annual Energy Outlook 2023,ref2023,km_per_pj,lt,lpg,2041,545571737.3209811,passenger,yearly,national,no_comment,all,road,efficiency
EIA Annual Energy Outlook 2023,ref2023,km_per_pj,lt,lpg,2042,546007701.9286265,passenger,yearly,national,no_comment,all,road,efficiency
EIA Annual Energy Outlook 2023,ref2023,km_per_pj,lt,lpg,2043,546225980.1398547,passenger,yearly,national,no_comment,all,road,efficiency
EIA Annual Energy Outlook 2023,ref2023,km_per_pj,lt,lpg,2044,545944496.1068301,passenger,yearly,national,no_comment,all,road,efficiency
EIA Annual Energy Outlook 2023,ref2023,km_per_pj,lt,lpg,2045,545720147.5665423,passenger,yearly,national,no_comment,all,road,efficiency
EIA Annual Energy Outlook 2023,ref2023,km_per_pj,lt,lpg,2046,545485044.905692,passenger,yearly,national,no_comment,all,road,efficiency
EIA Annual Energy Outlook 2023,ref2023,km_per_pj,lt,lpg,2047,545160713.4803632,passenger,yearly,national,no_comment,all,road,efficiency
EIA Annual Energy Outlook 2023,ref2023,km_per_pj,lt,lpg,2048,544896510.4398148,passenger,yearly,national,no_comment,all,road,efficiency
EIA Annual Energy Outlook 2023,ref2023,km_per_pj,lt,lpg,2049,546127738.881257,passenger,yearly,national,no_comment,all,road,efficiency
EIA Annual Energy Outlook 2023,ref2023,km_per_pj,lt,lpg,2050,545819234.2748694,passenger,yearly,national,no_comment,all,road,efficiency
EIA Annual Energy Outlook 2023,ref2023,km_per_pj,lt,phev_g,2022,614350371.5303525,passenger,yearly,national,no_comment,all,road,efficiency
EIA Annual Energy Outlook 2023,ref2023,km_per_pj,lt,phev_g,2023,623763588.7879627,passenger,yearly,national,no_comment,all,road,efficiency
EIA Annual Energy Outlook 2023,ref2023,km_per_pj,lt,phev_g,2024,631069043.762153,passenger,yearly,national,no_comment,all,road,efficiency
EIA Annual Energy Outlook 2023,ref2023,km_per_pj,lt,phev_g,2025,652731247.1976504,passenger,yearly,national,no_comment,all,road,efficiency
EIA Annual Energy Outlook 2023,ref2023,km_per_pj,lt,phev_g,2026,662692135.2796159,passenger,yearly,national,no_comment,all,road,efficiency
EIA Annual Energy Outlook 2023,ref2023,km_per_pj,lt,phev_g,2027,668044832.3036708,passenger,yearly,national,no_comment,all,road,efficiency
EIA Annual Energy Outlook 2023,ref2023,km_per_pj,lt,phev_g,2028,681610337.2403678,passenger,yearly,national,no_comment,all,road,efficiency
EIA Annual Energy Outlook 2023,ref2023,km_per_pj,lt,phev_g,2029,682992806.3910671,passenger,yearly,national,no_comment,all,road,efficiency
EIA Annual Energy Outlook 2023,ref2023,km_per_pj,lt,phev_g,2030,683505301.6328526,passenger,yearly,national,no_comment,all,road,efficiency
EIA Annual Energy Outlook 2023,ref2023,km_per_pj,lt,phev_g,2031,684140165.7100518,passenger,yearly,national,no_comment,all,road,efficiency
EIA Annual Energy Outlook 2023,ref2023,km_per_pj,lt,phev_g,2032,685051427.7266433,passenger,yearly,national,no_comment,all,road,efficiency
EIA Annual Energy Outlook 2023,ref2023,km_per_pj,lt,phev_g,2033,686450108.534387,passenger,yearly,national,no_comment,all,road,efficiency
EIA Annual Energy Outlook 2023,ref2023,km_per_pj,lt,phev_g,2034,687960098.0979024,passenger,yearly,national,no_comment,all,road,efficiency
EIA Annual Energy Outlook 2023,ref2023,km_per_pj,lt,phev_g,2035,689779914.7476349,passenger,yearly,national,no_comment,all,road,efficiency
EIA Annual Energy Outlook 2023,ref2023,km_per_pj,lt,phev_g,2036,691567426.4165419,passenger,yearly,national,no_comment,all,road,efficiency
EIA Annual Energy Outlook 2023,ref2023,km_per_pj,lt,phev_g,2037,693275493.6211091,passenger,yearly,national,no_comment,all,road,efficiency
EIA Annual Energy Outlook 2023,ref2023,km_per_pj,lt,phev_g,2038,694961063.2240871,passenger,yearly,national,no_comment,all,road,efficiency
EIA Annual Energy Outlook 2023,ref2023,km_per_pj,lt,phev_g,2039,696958153.3030816,passenger,yearly,national,no_comment,all,road,efficiency
EIA Annual Energy Outlook 2023,ref2023,km_per_pj,lt,phev_g,2040,697619073.1406776,passenger,yearly,national,no_comment,all,road,efficiency
EIA Annual Energy Outlook 2023,ref2023,km_per_pj,lt,phev_g,2041,698230772.4615114,passenger,yearly,national,no_comment,all,road,efficiency
EIA Annual Energy Outlook 2023,ref2023,km_per_pj,lt,phev_g,2042,698687557.2191223,passenger,yearly,national,no_comment,all,road,efficiency
EIA Annual Energy Outlook 2023,ref2023,km_per_pj,lt,phev_g,2043,698885655.2624607,passenger,yearly,national,no_comment,all,road,efficiency
EIA Annual Energy Outlook 2023,ref2023,km_per_pj,lt,phev_g,2044,698613853.9582711,passenger,yearly,national,no_comment,all,road,efficiency
EIA Annual Energy Outlook 2023,ref2023,km_per_pj,lt,phev_g,2045,698317423.0135282,passenger,yearly,national,no_comment,all,road,efficiency
EIA Annual Energy Outlook 2023,ref2023,km_per_pj,lt,phev_g,2046,698130352.4061732,passenger,yearly,national,no_comment,all,road,efficiency
EIA Annual Energy Outlook 2023,ref2023,km_per_pj,lt,phev_g,2047,697670050.2943281,passenger,yearly,national,no_comment,all,road,efficiency
EIA Annual Energy Outlook 2023,ref2023,km_per_pj,lt,phev_g,2048,697403875.9408218,passenger,yearly,national,no_comment,all,road,efficiency
EIA Annual Energy Outlook 2023,ref2023,km_per_pj,lt,phev_g,2049,698844148.8503152,passenger,yearly,national,no_comment,all,road,efficiency
EIA Annual Energy Outlook 2023,ref2023,km_per_pj,lt,phev_g,2050,698494580.1497558,passenger,yearly,national,no_comment,all,road,efficiency
EIA Annual Energy Outlook 2023,ref2023,km_per_pj,suv,bev,2022,1162948677.7200427,passenger,yearly,national,no_comment,all,road,efficiency
EIA Annual Energy Outlook 2023,ref2023,km_per_pj,suv,bev,2023,1168347677.7338557,passenger,yearly,national,no_comment,all,road,efficiency
EIA Annual Energy Outlook 2023,ref2023,km_per_pj,suv,bev,2024,1175681026.7144783,passenger,yearly,national,no_comment,all,road,efficiency
EIA Annual Energy Outlook 2023,ref2023,km_per_pj,suv,bev,2025,1188631321.0967932,passenger,yearly,national,no_comment,all,road,efficiency
EIA Annual Energy Outlook 2023,ref2023,km_per_pj,suv,bev,2026,1194652448.0401933,passenger,yearly,national,no_comment,all,road,efficiency
EIA Annual Energy Outlook 2023,ref2023,km_per_pj,suv,bev,2027,1196697879.2973917,passenger,yearly,national,no_comment,all,road,efficiency
EIA Annual Energy Outlook 2023,ref2023,km_per_pj,suv,bev,2028,1205106506.3179433,passenger,yearly,national,no_comment,all,road,efficiency
EIA Annual Energy Outlook 2023,ref2023,km_per_pj,suv,bev,2029,1204634834.0116975,passenger,yearly,national,no_comment,all,road,efficiency
EIA Annual Energy Outlook 2023,ref2023,km_per_pj,suv,bev,2030,1204559186.41292,passenger,yearly,national,no_comment,all,road,efficiency
EIA Annual Energy Outlook 2023,ref2023,km_per_pj,suv,bev,2031,1204924199.6445422,passenger,yearly,national,no_comment,all,road,efficiency
EIA Annual Energy Outlook 2023,ref2023,km_per_pj,suv,bev,2032,1205263093.8686788,passenger,yearly,national,no_comment,all,road,efficiency
EIA Annual Energy Outlook 2023,ref2023,km_per_pj,suv,bev,2033,1205641062.5523813,passenger,yearly,national,no_comment,all,road,efficiency
EIA Annual Energy Outlook 2023,ref2023,km_per_pj,suv,bev,2034,1206374426.8297365,passenger,yearly,national,no_comment,all,road,efficiency
EIA Annual Energy Outlook 2023,ref2023,km_per_pj,suv,bev,2035,1207326646.43696,passenger,yearly,national,no_comment,all,road,efficiency
EIA Annual Energy Outlook 2023,ref2023,km_per_pj,suv,bev,2036,1208007609.4810503,passenger,yearly,national,no_comment,all,road,efficiency
EIA Annual Energy Outlook 2023,ref2023,km_per_pj,suv,bev,2037,1208639109.221166,passenger,yearly,national,no_comment,all,road,efficiency
EIA Annual Energy Outlook 2023,ref2023,km_per_pj,suv,bev,2038,1209019693.4780285,passenger,yearly,national,no_comment,all,road,efficiency
EIA Annual Energy Outlook 2023,ref2023,km_per_pj,suv,bev,2039,1209492210.4389455,passenger,yearly,national,no_comment,all,road,efficiency
EIA Annual Energy Outlook 2023,ref2023,km_per_pj,suv,bev,2040,1209532305.0128484,passenger,yearly,national,no_comment,all,road,efficiency
EIA Annual Energy Outlook 2023,ref2023,km_per_pj,suv,bev,2041,1209596866.009011,passenger,yearly,national,no_comment,all,road,efficiency
EIA Annual Energy Outlook 2023,ref2023,km_per_pj,suv,bev,2042,1209711371.8031151,passenger,yearly,national,no_comment,all,road,efficiency
EIA Annual Energy Outlook 2023,ref2023,km_per_pj,suv,bev,2043,1209820458.7498608,passenger,yearly,national,no_comment,all,road,efficiency
EIA Annual Energy Outlook 2023,ref2023,km_per_pj,suv,bev,2044,1209826807.9414945,passenger,yearly,national,no_comment,all,road,efficiency
EIA Annual Energy Outlook 2023,ref2023,km_per_pj,suv,bev,2045,1209836707.131021,passenger,yearly,national,no_comment,all,road,efficiency
EIA Annual Energy Outlook 2023,ref2023,km_per_pj,suv,bev,2046,1209839069.7158258,passenger,yearly,national,no_comment,all,road,efficiency
EIA Annual Energy Outlook 2023,ref2023,km_per_pj,suv,bev,2047,1209848691.4342525,passenger,yearly,national,no_comment,all,road,efficiency
EIA Annual Energy Outlook 2023,ref2023,km_per_pj,suv,bev,2048,1209885272.7343788,passenger,yearly,national,no_comment,all,road,efficiency
EIA Annual Energy Outlook 2023,ref2023,km_per_pj,suv,bev,2049,1210136127.0107715,passenger,yearly,national,no_comment,all,road,efficiency
EIA Annual Energy Outlook 2023,ref2023,km_per_pj,suv,bev,2050,1210136127.0107715,passenger,yearly,national,no_comment,all,road,efficiency
EIA Annual Energy Outlook 2023,ref2023,km_per_pj,suv,fcev,2022,614433255.8202369,passenger,yearly,national,no_comment,all,road,efficiency
EIA Annual Energy Outlook 2023,ref2023,km_per_pj,suv,fcev,2023,612832004.7879012,passenger,yearly,national,no_comment,all,road,efficiency
EIA Annual Energy Outlook 2023,ref2023,km_per_pj,suv,fcev,2024,610567663.1146603,passenger,yearly,national,no_comment,all,road,efficiency
EIA Annual Energy Outlook 2023,ref2023,km_per_pj,suv,fcev,2025,612549186.2488717,passenger,yearly,national,no_comment,all,road,efficiency
EIA Annual Energy Outlook 2023,ref2023,km_per_pj,suv,fcev,2026,613355996.718265,passenger,yearly,national,no_comment,all,road,efficiency
EIA Annual Energy Outlook 2023,ref2023,km_per_pj,suv,fcev,2027,614661483.9606341,passenger,yearly,national,no_comment,all,road,efficiency
EIA Annual Energy Outlook 2023,ref2023,km_per_pj,suv,fcev,2028,619062991.6929457,passenger,yearly,national,no_comment,all,road,efficiency
EIA Annual Energy Outlook 2023,ref2023,km_per_pj,suv,fcev,2029,618917735.572266,passenger,yearly,national,no_comment,all,road,efficiency
EIA Annual Energy Outlook 2023,ref2023,km_per_pj,suv,fcev,2030,618895719.464644,passenger,yearly,national,no_comment,all,road,efficiency
EIA Annual Energy Outlook 2023,ref2023,km_per_pj,suv,fcev,2031,618992365.096935,passenger,yearly,national,no_comment,all,road,efficiency
EIA Annual Energy Outlook 2023,ref2023,km_per_pj,suv,fcev,2032,619358376.0003788,passenger,yearly,national,no_comment,all,road,efficiency
EIA Annual Energy Outlook 2023,ref2023,km_per_pj,suv,fcev,2033,620172910.7755322,passenger,yearly,national,no_comment,all,road,efficiency
EIA Annual Energy Outlook 2023,ref2023,km_per_pj,suv,fcev,2034,621052924.6497515,passenger,yearly,national,no_comment,all,road,efficiency
EIA Annual Energy Outlook 2023,ref2023,km_per_pj,suv,fcev,2035,622067275.3407869,passenger,yearly,national,no_comment,all,road,efficiency
EIA Annual Energy Outlook 2023,ref2023,km_per_pj,suv,fcev,2036,622835721.3501929,passenger,yearly,national,no_comment,all,road,efficiency
EIA Annual Energy Outlook 2023,ref2023,km_per_pj,suv,fcev,2037,623642433.8886098,passenger,yearly,national,no_comment,all,road,efficiency
EIA Annual Energy Outlook 2023,ref2023,km_per_pj,suv,fcev,2038,624372686.817237,passenger,yearly,national,no_comment,all,road,efficiency
EIA Annual Energy Outlook 2023,ref2023,km_per_pj,suv,fcev,2039,625206954.684126,passenger,yearly,national,no_comment,all,road,efficiency
EIA Annual Energy Outlook 2023,ref2023,km_per_pj,suv,fcev,2040,625574740.5865163,passenger,yearly,national,no_comment,all,road,efficiency
EIA Annual Energy Outlook 2023,ref2023,km_per_pj,suv,fcev,2041,625921912.0183837,passenger,yearly,national,no_comment,all,road,efficiency
EIA Annual Energy Outlook 2023,ref2023,km_per_pj,suv,fcev,2042,626251780.2708662,passenger,yearly,national,no_comment,all,road,efficiency
EIA Annual Energy Outlook 2023,ref2023,km_per_pj,suv,fcev,2043,626506743.5678085,passenger,yearly,national,no_comment,all,road,efficiency
EIA Annual Energy Outlook 2023,ref2023,km_per_pj,suv,fcev,2044,626508053.3946172,passenger,yearly,national,no_comment,all,road,efficiency
EIA Annual Energy Outlook 2023,ref2023,km_per_pj,suv,fcev,2045,626626996.6860874,passenger,yearly,national,no_comment,all,road,efficiency
EIA Annual Energy Outlook 2023,ref2023,km_per_pj,suv,fcev,2046,626629230.7364855,passenger,yearly,national,no_comment,all,road,efficiency
EIA Annual Energy Outlook 2023,ref2023,km_per_pj,suv,fcev,2047,626715208.0130398,passenger,yearly,national,no_comment,all,road,efficiency
EIA Annual Energy Outlook 2023,ref2023,km_per_pj,suv,fcev,2048,626775074.4430234,passenger,yearly,national,no_comment,all,road,efficiency
EIA Annual Energy Outlook 2023,ref2023,km_per_pj,suv,fcev,2049,626959031.6614218,passenger,yearly,national,no_comment,all,road,efficiency
EIA Annual Energy Outlook 2023,ref2023,km_per_pj,suv,fcev,2050,626960598.5570434,passenger,yearly,national,no_comment,all,road,efficiency
EIA Annual Energy Outlook 2023,ref2023,km_per_pj,suv,ice_d,2022,498605940.6011489,passenger,yearly,national,no_comment,all,road,efficiency
EIA Annual Energy Outlook 2023,ref2023,km_per_pj,suv,ice_d,2023,501981900.5388673,passenger,yearly,national,no_comment,all,road,efficiency
EIA Annual Energy Outlook 2023,ref2023,km_per_pj,suv,ice_d,2024,506173421.14345443,passenger,yearly,national,no_comment,all,road,efficiency
EIA Annual Energy Outlook 2023,ref2023,km_per_pj,suv,ice_d,2025,519237421.5551378,passenger,yearly,national,no_comment,all,road,efficiency
EIA Annual Energy Outlook 2023,ref2023,km_per_pj,suv,ice_d,2026,519998650.760762,passenger,yearly,national,no_comment,all,road,efficiency
EIA Annual Energy Outlook 2023,ref2023,km_per_pj,suv,ice_d,2027,523764595.284437,passenger,yearly,national,no_comment,all,road,efficiency
EIA Annual Energy Outlook 2023,ref2023,km_per_pj,suv,ice_d,2028,535688945.80786324,passenger,yearly,national,no_comment,all,road,efficiency
EIA Annual Energy Outlook 2023,ref2023,km_per_pj,suv,ice_d,2029,535881333.1677681,passenger,yearly,national,no_comment,all,road,efficiency
EIA Annual Energy Outlook 2023,ref2023,km_per_pj,suv,ice_d,2030,536022654.9526697,passenger,yearly,national,no_comment,all,road,efficiency
EIA Annual Energy Outlook 2023,ref2023,km_per_pj,suv,ice_d,2031,536570479.5984964,passenger,yearly,national,no_comment,all,road,efficiency
EIA Annual Energy Outlook 2023,ref2023,km_per_pj,suv,ice_d,2032,536906099.3978385,passenger,yearly,national,no_comment,all,road,efficiency
EIA Annual Energy Outlook 2023,ref2023,km_per_pj,suv,ice_d,2033,537363923.3282688,passenger,yearly,national,no_comment,all,road,efficiency
EIA Annual Energy Outlook 2023,ref2023,km_per_pj,suv,ice_d,2034,538846169.1266147,passenger,yearly,national,no_comment,all,road,efficiency
EIA Annual Energy Outlook 2023,ref2023,km_per_pj,suv,ice_d,2035,541271400.6975209,passenger,yearly,national,no_comment,all,road,efficiency
EIA Annual Energy Outlook 2023,ref2023,km_per_pj,suv,ice_d,2036,543343127.8539541,passenger,yearly,national,no_comment,all,road,efficiency
EIA Annual Energy Outlook 2023,ref2023,km_per_pj,suv,ice_d,2037,544998565.5991951,passenger,yearly,national,no_comment,all,road,efficiency
EIA Annual Energy Outlook 2023,ref2023,km_per_pj,suv,ice_d,2038,545986385.1026045,passenger,yearly,national,no_comment,all,road,efficiency
EIA Annual Energy Outlook 2023,ref2023,km_per_pj,suv,ice_d,2039,547873400.8426454,passenger,yearly,national,no_comment,all,road,efficiency
EIA Annual Energy Outlook 2023,ref2023,km_per_pj,suv,ice_d,2040,548252065.9113237,passenger,yearly,national,no_comment,all,road,efficiency
EIA Annual Energy Outlook 2023,ref2023,km_per_pj,suv,ice_d,2041,548699247.9403285,passenger,yearly,national,no_comment,all,road,efficiency
EIA Annual Energy Outlook 2023,ref2023,km_per_pj,suv,ice_d,2042,548974315.5427284,passenger,yearly,national,no_comment,all,road,efficiency
EIA Annual Energy Outlook 2023,ref2023,km_per_pj,suv,ice_d,2043,549047709.1155035,passenger,yearly,national,no_comment,all,road,efficiency
EIA Annual Energy Outlook 2023,ref2023,km_per_pj,suv,ice_d,2044,548663534.2523502,passenger,yearly,national,no_comment,all,road,efficiency
EIA Annual Energy Outlook 2023,ref2023,km_per_pj,suv,ice_d,2045,548301776.2546215,passenger,yearly,national,no_comment,all,road,efficiency
EIA Annual Energy Outlook 2023,ref2023,km_per_pj,suv,ice_d,2046,548003358.6764423,passenger,yearly,national,no_comment,all,road,efficiency
EIA Annual Energy Outlook 2023,ref2023,km_per_pj,suv,ice_d,2047,547583170.1969825,passenger,yearly,national,no_comment,all,road,efficiency
EIA Annual Energy Outlook 2023,ref2023,km_per_pj,suv,ice_d,2048,547234164.7074339,passenger,yearly,national,no_comment,all,road,efficiency
EIA Annual Energy Outlook 2023,ref2023,km_per_pj,suv,ice_d,2049,548577254.8699157,passenger,yearly,national,no_comment,all,road,efficiency
EIA Annual Energy Outlook 2023,ref2023,km_per_pj,suv,ice_d,2050,548208542.9783536,passenger,yearly,national,no_comment,all,road,efficiency
EIA Annual Energy Outlook 2023,ref2023,km_per_pj,suv,ice_g,2022,485494822.8689157,passenger,yearly,national,no_comment,all,road,efficiency
EIA Annual Energy Outlook 2023,ref2023,km_per_pj,suv,ice_g,2023,494217522.69155514,passenger,yearly,national,no_comment,all,road,efficiency
EIA Annual Energy Outlook 2023,ref2023,km_per_pj,suv,ice_g,2024,503165292.3806043,passenger,yearly,national,no_comment,all,road,efficiency
EIA Annual Energy Outlook 2023,ref2023,km_per_pj,suv,ice_g,2025,522599425.3282287,passenger,yearly,national,no_comment,all,road,efficiency
EIA Annual Energy Outlook 2023,ref2023,km_per_pj,suv,ice_g,2026,524160090.09155095,passenger,yearly,national,no_comment,all,road,efficiency
EIA Annual Energy Outlook 2023,ref2023,km_per_pj,suv,ice_g,2027,527731436.9372944,passenger,yearly,national,no_comment,all,road,efficiency
EIA Annual Energy Outlook 2023,ref2023,km_per_pj,suv,ice_g,2028,542586219.4995451,passenger,yearly,national,no_comment,all,road,efficiency
EIA Annual Energy Outlook 2023,ref2023,km_per_pj,suv,ice_g,2029,544859295.3917396,passenger,yearly,national,no_comment,all,road,efficiency
EIA Annual Energy Outlook 2023,ref2023,km_per_pj,suv,ice_g,2030,545537198.0928186,passenger,yearly,national,no_comment,all,road,efficiency
EIA Annual Energy Outlook 2023,ref2023,km_per_pj,suv,ice_g,2031,545338545.1072809,passenger,yearly,national,no_comment,all,road,efficiency
EIA Annual Energy Outlook 2023,ref2023,km_per_pj,suv,ice_g,2032,545532007.7510718,passenger,yearly,national,no_comment,all,road,efficiency
EIA Annual Energy Outlook 2023,ref2023,km_per_pj,suv,ice_g,2033,547319529.6211222,passenger,yearly,national,no_comment,all,road,efficiency
EIA Annual Energy Outlook 2023,ref2023,km_per_pj,suv,ice_g,2034,549667559.4343451,passenger,yearly,national,no_comment,all,road,efficiency
EIA Annual Energy Outlook 2023,ref2023,km_per_pj,suv,ice_g,2035,552535174.2839957,passenger,yearly,national,no_comment,all,road,efficiency
EIA Annual Energy Outlook 2023,ref2023,km_per_pj,suv,ice_g,2036,554823711.0290825,passenger,yearly,national,no_comment,all,road,efficiency
EIA Annual Energy Outlook 2023,ref2023,km_per_pj,suv,ice_g,2037,556601892.732263,passenger,yearly,national,no_comment,all,road,efficiency
EIA Annual Energy Outlook 2023,ref2023,km_per_pj,suv,ice_g,2038,558045529.97884,passenger,yearly,national,no_comment,all,road,efficiency
EIA Annual Energy Outlook 2023,ref2023,km_per_pj,suv,ice_g,2039,560650163.4328593,passenger,yearly,national,no_comment,all,road,efficiency
EIA Annual Energy Outlook 2023,ref2023,km_per_pj,suv,ice_g,2040,561370555.9363046,passenger,yearly,national,no_comment,all,road,efficiency
EIA Annual Energy Outlook 2023,ref2023,km_per_pj,suv,ice_g,2041,562273724.365746,passenger,yearly,national,no_comment,all,road,efficiency
EIA Annual Energy Outlook 2023,ref2023,km_per_pj,suv,ice_g,2042,562941075.0041227,passenger,yearly,national,no_comment,all,road,efficiency
EIA Annual Energy Outlook 2023,ref2023,km_per_pj,suv,ice_g,2043,563346411.3152593,passenger,yearly,national,no_comment,all,road,efficiency
EIA Annual Energy Outlook 2023,ref2023,km_per_pj,suv,ice_g,2044,562899233.9944746,passenger,yearly,national,no_comment,all,road,efficiency
EIA Annual Energy Outlook 2023,ref2023,km_per_pj,suv,ice_g,2045,562544797.308299,passenger,yearly,national,no_comment,all,road,efficiency
EIA Annual Energy Outlook 2023,ref2023,km_per_pj,suv,ice_g,2046,562210595.6101127,passenger,yearly,national,no_comment,all,road,efficiency
EIA Annual Energy Outlook 2023,ref2023,km_per_pj,suv,ice_g,2047,561841689.6221803,passenger,yearly,national,no_comment,all,road,efficiency
EIA Annual Energy Outlook 2023,ref2023,km_per_pj,suv,ice_g,2048,561559305.6518583,passenger,yearly,national,no_comment,all,road,efficiency
EIA Annual Energy Outlook 2023,ref2023,km_per_pj,suv,ice_g,2049,564391249.1433715,passenger,yearly,national,no_comment,all,road,efficiency
EIA Annual Energy Outlook 2023,ref2023,km_per_pj,suv,ice_g,2050,563977564.2165005,passenger,yearly,national,no_comment,all,road,efficiency
EIA Annual Energy Outlook 2023,ref2023,km_per_pj,suv,phev_g,2022,756901428.4995985,passenger,yearly,national,no_comment,all,road,efficiency
EIA Annual Energy Outlook 2023,ref2023,km_per_pj,suv,phev_g,2023,759166633.1895685,passenger,yearly,national,no_comment,all,road,efficiency
EIA Annual Energy Outlook 2023,ref2023,km_per_pj,suv,phev_g,2024,767714868.9778302,passenger,yearly,national,no_comment,all,road,efficiency
EIA Annual Energy Outlook 2023,ref2023,km_per_pj,suv,phev_g,2025,784681643.2175422,passenger,yearly,national,no_comment,all,road,efficiency
EIA Annual Energy Outlook 2023,ref2023,km_per_pj,suv,phev_g,2026,786615902.4142896,passenger,yearly,national,no_comment,all,road,efficiency
EIA Annual Energy Outlook 2023,ref2023,km_per_pj,suv,phev_g,2027,789718117.0384867,passenger,yearly,national,no_comment,all,road,efficiency
EIA Annual Energy Outlook 2023,ref2023,km_per_pj,suv,phev_g,2028,803144282.517659,passenger,yearly,national,no_comment,all,road,efficiency
EIA Annual Energy Outlook 2023,ref2023,km_per_pj,suv,phev_g,2029,805091909.2926791,passenger,yearly,national,no_comment,all,road,efficiency
EIA Annual Energy Outlook 2023,ref2023,km_per_pj,suv,phev_g,2030,805615735.9645202,passenger,yearly,national,no_comment,all,road,efficiency
EIA Annual Energy Outlook 2023,ref2023,km_per_pj,suv,phev_g,2031,805499155.2578546,passenger,yearly,national,no_comment,all,road,efficiency
EIA Annual Energy Outlook 2023,ref2023,km_per_pj,suv,phev_g,2032,805728974.7766175,passenger,yearly,national,no_comment,all,road,efficiency
EIA Annual Energy Outlook 2023,ref2023,km_per_pj,suv,phev_g,2033,807084498.6272185,passenger,yearly,national,no_comment,all,road,efficiency
EIA Annual Energy Outlook 2023,ref2023,km_per_pj,suv,phev_g,2034,809150260.7631538,passenger,yearly,national,no_comment,all,road,efficiency
EIA Annual Energy Outlook 2023,ref2023,km_per_pj,suv,phev_g,2035,811517901.254392,passenger,yearly,national,no_comment,all,road,efficiency
EIA Annual Energy Outlook 2023,ref2023,km_per_pj,suv,phev_g,2036,813552655.9949387,passenger,yearly,national,no_comment,all,road,efficiency
EIA Annual Energy Outlook 2023,ref2023,km_per_pj,suv,phev_g,2037,814921908.5442874,passenger,yearly,national,no_comment,all,road,efficiency
EIA Annual Energy Outlook 2023,ref2023,km_per_pj,suv,phev_g,2038,816145488.7663071,passenger,yearly,national,no_comment,all,road,efficiency
EIA Annual Energy Outlook 2023,ref2023,km_per_pj,suv,phev_g,2039,818282636.4633198,passenger,yearly,national,no_comment,all,road,efficiency
EIA Annual Energy Outlook 2023,ref2023,km_per_pj,suv,phev_g,2040,818845280.525914,passenger,yearly,national,no_comment,all,road,efficiency
EIA Annual Energy Outlook 2023,ref2023,km_per_pj,suv,phev_g,2041,819581488.8820407,passenger,yearly,national,no_comment,all,road,efficiency
EIA Annual Energy Outlook 2023,ref2023,km_per_pj,suv,phev_g,2042,820130434.8493172,passenger,yearly,national,no_comment,all,road,efficiency
EIA Annual Energy Outlook 2023,ref2023,km_per_pj,suv,phev_g,2043,820435814.2370247,passenger,yearly,national,no_comment,all,road,efficiency
EIA Annual Energy Outlook 2023,ref2023,km_per_pj,suv,phev_g,2044,820178157.8382325,passenger,yearly,national,no_comment,all,road,efficiency
EIA Annual Energy Outlook 2023,ref2023,km_per_pj,suv,phev_g,2045,819868022.677486,passenger,yearly,national,no_comment,all,road,efficiency
EIA Annual Energy Outlook 2023,ref2023,km_per_pj,suv,phev_g,2046,819784273.3306435,passenger,yearly,national,no_comment,all,road,efficiency
EIA Annual Energy Outlook 2023,ref2023,km_per_pj,suv,phev_g,2047,819327878.2567093,passenger,yearly,national,no_comment,all,road,efficiency
EIA Annual Energy Outlook 2023,ref2023,km_per_pj,suv,phev_g,2048,819191888.8546673,passenger,yearly,national,no_comment,all,road,efficiency
EIA Annual Energy Outlook 2023,ref2023,km_per_pj,suv,phev_g,2049,821400526.1644197,passenger,yearly,national,no_comment,all,road,efficiency
EIA Annual Energy Outlook 2023,ref2023,km_per_pj,suv,phev_g,2050,821097111.5169253,passenger,yearly,national,no_comment,all,road,efficiency
